Submission id,PROLIFIC_PID,Status,Custom study tncs accepted at,Started at,Completed at,Reviewed at,Archived at,Time taken,Completion code,Total approvals,Employment-sector,Knowledge of software development techniques,Company size,Company type,Age,Sex,Ethnicity simplified,Country of birth,Country of residence,Nationality,Language,Student status,Employment status
669583aaa0ad31e4d5928410,65e3492e666e06bccbb84d72,APPROVED,Not Applicable,2024-07-15T20:16:52.266000Z,2024-07-15T20:24:36.379000Z,2024-07-23T12:37:37.627000Z,2024-07-15T20:24:39.246529Z,465,NOCODE,17,Information Technology,"Cloud computing, Shell scripting",1000+,Large private enterprise,25,Male,Other,Mexico,Mexico,Mexico,Spanish,No,Full-Time
6695851f5599e95ee061d7a3,5f173625050672074221898d,APPROVED,Not Applicable,2024-07-15T20:22:59.867000Z,2024-07-15T20:30:18.647000Z,2024-07-23T12:38:01.844000Z,2024-07-15T20:30:19.396134Z,439,NOCODE,106,Information Technology,"Virtualisation, Database management, Search technologies",1000+,Large private enterprise,25,Male,White,Portugal,Portugal,Portugal,Portuguese,No,Full-Time
669585c9793642dfecf04277,5ac9c4415cd1050001626162,APPROVED,Not Applicable,2024-07-15T20:25:45.572000Z,2024-07-15T20:33:25.286000Z,2024-07-16T15:51:12.535000Z,2024-07-15T20:33:26.299361Z,460,NOCODE,739,Information Technology,"Database management, A/B testing",1000+,Publicly listed/traded enterprise (e.g. listed on a stock exchange),34,Male,Mixed,Mexico,Mexico,Mexico,Spanish,No,Full-Time
66958638d635ede23230a347,5fa6bd5087c4d53285fd8a53,APPROVED,Not Applicable,2024-07-15T20:27:48.535000Z,2024-07-15T20:37:28.406000Z,2024-07-23T12:35:47.425000Z,2024-07-15T20:37:39.882213Z,580,NOCODE,99,Information Technology,"Shell scripting, Web servers",1000+,Large private enterprise,25,Male,White,Poland,Poland,Poland,Polish,No,Full-Time
669586856cf4e4237ea21e9a,668e94c676f2f05528e1c247,APPROVED,Not Applicable,2024-07-15T20:29:02.524000Z,2024-07-15T20:39:23.026000Z,2024-07-25T09:54:53.889000Z,2024-07-23T17:26:05.141441Z,621,NOCODE,16,Information Technology,"Cloud computing, Shell scripting, Background processing, Monitoring, caching, Version control, Debugging, Functional testing, Unit testing, Web servers, Database management, Responsive design, UI design",1000+,Publicly listed/traded enterprise (e.g. listed on a stock exchange),24,Male,White,Spain,Spain,Spain,Catalan,No,Full-Time
669586c74606d0d66a7edc9d,6682a96fa1b047912fd35ee4,APPROVED,Not Applicable,2024-07-15T20:30:12.189000Z,2024-07-15T20:37:38.350000Z,2024-07-16T15:51:25.036000Z,2024-07-15T20:37:47.050300Z,447,NOCODE,7,Information Technology,"Search technologies, Database management",1000+,Publicly listed/traded enterprise (e.g. listed on a stock exchange),28,Male,White,Poland,Poland,Poland,Polish,No,Full-Time
669587806635187639c2696b,60719da557d8241609b26e83,APPROVED,Not Applicable,2024-07-15T20:33:18.983000Z,2024-07-15T20:50:03.223000Z,2024-07-25T09:54:55.218000Z,2024-07-23T17:26:05.147058Z,1005,NOCODE,598,Information Technology,"Cloud computing, Search technologies, Functional testing",1000+,Publicly listed/traded enterprise (e.g. listed on a stock exchange),38,Female,Black,South Africa,South Africa,South Africa,English,Yes,Full-Time
669587bb2419befab8a64613,65dc9bebcab6f3f4b2f3cddb,APPROVED,Not Applicable,2024-07-15T20:34:13.641000Z,2024-07-15T20:38:03.005000Z,2024-07-16T15:52:01.354000Z,2024-07-15T20:38:04.154032Z,230,NOCODE,40,Information Technology,"Functional testing, Debugging, Unit testing, Database management, UI design, A/B testing, UX",1000+,Large private enterprise,34,Female,White,United Kingdom,United Kingdom,United Kingdom,English,Yes,Full-Time
669587d24eb541dcc1a8007b,5cc04e795069bb0013dc1a54,APPROVED,Not Applicable,2024-07-15T20:34:30.582000Z,2024-07-15T20:39:20.523000Z,2024-07-16T15:54:16.507000Z,2024-07-15T20:39:21.149054Z,290,NOCODE,15,Information Technology,"Cloud computing, Shell scripting, Monitoring, Version control, Virtualisation, Web servers, Database management",1000+,Publicly listed/traded enterprise (e.g. listed on a stock exchange),31,Male,White,United Kingdom,United Kingdom,United Kingdom,English,No,Full-Time
6695884f4528ba840cfcaadf,664f40ff9f6cd94c5dd2ace7,APPROVED,Not Applicable,2024-07-15T20:36:43.785000Z,2024-07-15T20:44:48.273000Z,2024-07-23T12:59:21.797000Z,2024-07-23T17:26:05.150887Z,485,NOCODE,28,Information Technology,Responsive design,1000+,Large private enterprise,31,Female,Mixed,South Africa,South Africa,South Africa,English,Yes,Full-Time
669588c11338923e843267f1,6625891fa59ee84682e647b9,APPROVED,Not Applicable,2024-07-15T20:38:33.890000Z,2024-07-15T20:49:42.473000Z,2024-07-16T15:54:35.662000Z,2024-07-15T20:49:43.120457Z,669,NOCODE,9,Information Technology,Unit testing,1000+,Large private enterprise,29,Female,Black,South Africa,South Africa,South Africa,English,No,Full-Time
669588e839fa5de4a7cb05f8,610667edefdc1ad424021209,APPROVED,Not Applicable,2024-07-15T20:39:10.947000Z,2024-07-15T20:46:03.151000Z,2024-07-25T09:54:56.234000Z,2024-07-23T17:26:05.154973Z,413,NOCODE,289,Information Technology,"Functional testing, Cloud computing",1000+,Large private enterprise,26,Female,Black,South Africa,South Africa,South Africa,English,Yes,Full-Time
6695892aa10e8650347afd6c,66900002ff048b17b2161309,APPROVED,Not Applicable,2024-07-15T20:40:22.195000Z,2024-07-15T20:48:36.833000Z,2024-07-23T12:36:34.813000Z,2024-07-15T20:48:37.725550Z,495,NOCODE,9,Information Technology,"Background processing, Debugging",1000+,Large private enterprise,25,Male,White,Poland,Poland,Poland,Polish,Yes,Full-Time
66958a21388297b58082bc87,66900b7e8c9b73b28629c65f,APPROVED,Not Applicable,2024-07-15T20:44:22.307000Z,2024-07-15T20:51:48.915000Z,2024-07-23T14:44:32.581000Z,2024-07-23T17:26:05.158510Z,447,NOCODE,32,Information Technology,"Cloud computing, Shell scripting, Background processing, Debugging, Unit testing, Functional testing, Web servers, Database management, Responsive design, UI design",1000+,Large private enterprise,26,Male,White,United Kingdom,United Kingdom,United Kingdom,English,No,Full-Time
66958ac381b1645938394644,6509d823ba8e80eb6d142f52,APPROVED,Not Applicable,2024-07-15T20:47:14.049000Z,2024-07-15T21:06:17.524000Z,2024-07-24T13:23:43.056000Z,2024-07-23T17:26:05.160707Z,1144,NOCODE,97,CONSENT_REVOKED,CONSENT_REVOKED,CONSENT_REVOKED,CONSENT_REVOKED,CONSENT_REVOKED,CONSENT_REVOKED,CONSENT_REVOKED,CONSENT_REVOKED,CONSENT_REVOKED,CONSENT_REVOKED,CONSENT_REVOKED,CONSENT_REVOKED,CONSENT_REVOKED
66958ad24c396545fe33c53b,66942c820c38a5f9ae174dbb,APPROVED,Not Applicable,2024-07-15T20:47:19.258000Z,2024-07-15T20:52:25.405000Z,2024-07-23T12:49:52.460000Z,2024-07-15T20:52:27.244526Z,307,NOCODE,0,Information Technology,"Monitoring, Debugging, Functional testing, Unit testing",1000+,Large private enterprise,29,Male,Asian,Malaysia,Canada,Canada,English,No,Full-Time
66958b756cf4e4237ea21f92,668adaf1d586193f9b9d44c2,APPROVED,Not Applicable,2024-07-15T20:50:07.667000Z,2024-07-15T21:06:02.529000Z,2024-07-24T13:24:01.598000Z,2024-07-23T17:26:05.180333Z,955,NOCODE,9,CONSENT_REVOKED,CONSENT_REVOKED,CONSENT_REVOKED,CONSENT_REVOKED,CONSENT_REVOKED,CONSENT_REVOKED,CONSENT_REVOKED,CONSENT_REVOKED,CONSENT_REVOKED,CONSENT_REVOKED,CONSENT_REVOKED,CONSENT_REVOKED,CONSENT_REVOKED
66958bb3e33f6b17bea3a3fd,66706e3819fcd0fd1729fc28,APPROVED,Not Applicable,2024-07-15T20:51:08.419000Z,2024-07-15T21:08:27.915000Z,2024-07-16T15:56:52.294000Z,2024-07-15T21:11:33.225354Z,1040,NOCODE,12,Information Technology,Don't know/Rather not say,1000+,Publicly listed/traded enterprise (e.g. listed on a stock exchange),30,Female,Black,South Africa,South Africa,South Africa,Other,No,Full-Time
66958bf043a5251e5b7af590,66014dfebb8c4ad4f4e266e9,APPROVED,Not Applicable,2024-07-15T20:52:03.562000Z,2024-07-15T20:59:18.708000Z,2024-07-16T16:08:58.536000Z,2024-07-16T16:11:06.220670Z,436,NOCODE,43,Information Technology,"Background processing, caching, Version control, Debugging, Unit testing, Web servers, Database management, Responsive design, UI design, UX",1000+,Publicly listed/traded enterprise (e.g. listed on a stock exchange),23,Male,White,France,France,France,French,Yes,Full-Time
66958c02ac30d26848240c05,5e8e0a10e9878f06eb114260,APPROVED,Not Applicable,2024-07-15T20:52:24.340000Z,2024-07-15T20:57:17.565000Z,2024-07-23T12:48:37.684000Z,2024-07-15T20:57:18.227898Z,294,NOCODE,351,Information Technology,Virtualisation,1000+,Publicly listed/traded enterprise (e.g. listed on a stock exchange),36,Female,Other,Mexico,Mexico,Mexico,Spanish,No,Full-Time
66958d8824de494a22ae92ef,65e1eed9e85da887cb8c3016,APPROVED,Not Applicable,2024-07-15T20:59:00.680000Z,2024-07-15T21:08:17.242000Z,2024-07-16T15:57:27.834000Z,2024-07-15T21:08:18.540317Z,557,NOCODE,19,Information Technology,"Cloud computing, Background processing, Monitoring, Version control, Virtualisation, Shell scripting",1000+,Publicly listed/traded enterprise (e.g. listed on a stock exchange),30,Female,Black,South Africa,South Africa,South Africa,English,No,Full-Time
66958d9ec80d181bdd2a22a6,6478a3d537403513dc2b890f,APPROVED,Not Applicable,2024-07-15T20:59:16.209000Z,2024-07-15T21:05:39.054000Z,2024-07-16T15:56:38.279000Z,2024-07-15T21:06:12.149121Z,383,NOCODE,248,Information Technology,"Cloud computing, Shell scripting, Search technologies, Monitoring, caching, Version control, Debugging, Unit testing, Web servers, Database management, Responsive design, UI design",1000+,Large private enterprise,56,Male,White,Italy,Italy,Italy,Italian,No,Full-Time
66958dd44307a82def2a2510,6679835aac87a0949cec678d,APPROVED,Not Applicable,2024-07-15T21:00:23.621000Z,2024-07-15T21:10:31.114000Z,2024-07-23T13:04:45.741000Z,2024-07-23T17:26:05.256096Z,608,NOCODE,48,Information Technology,"Cloud computing, Shell scripting, Debugging, Web servers, Database management, Responsive design, UI design",1000+,Large private enterprise,37,Male,Other,Mexico,Canada,Mexico,Spanish,No,Full-Time
66958dff14b1404de30e4641,668be776cc2551e8279790a6,APPROVED,Not Applicable,2024-07-15T21:00:53.375000Z,2024-07-15T21:07:14.600000Z,2024-07-16T15:57:04.806000Z,2024-07-15T21:07:24.701344Z,382,NOCODE,11,Information Technology,Database management,1000+,Large private enterprise,33,Male,White,Italy,Italy,Italy,Italian,No,Full-Time
66958e301b5c8db726ae938b,632b63afb2925ec0b40d0f3d,APPROVED,Not Applicable,2024-07-15T21:01:40.363000Z,2024-07-15T21:06:39.828000Z,2024-07-23T12:49:16.221000Z,2024-07-15T21:07:08.441573Z,300,NOCODE,659,Information Technology,"Cloud computing, Debugging, Unit testing, UI design",1000+,Large private enterprise,25,Male,White,United Kingdom,United Kingdom,United Kingdom,English,No,Full-Time
66958e6170053c13b7233362,6023fe0496b493000b2fb657,APPROVED,Not Applicable,2024-07-15T21:02:28.704000Z,2024-07-15T21:07:14.868000Z,2024-07-23T12:48:06.025000Z,2024-07-15T21:07:24.768144Z,287,NOCODE,138,Information Technology,Don't know/Rather not say,1000+,Publicly listed/traded enterprise (e.g. listed on a stock exchange),26,Male,White,Portugal,Portugal,Portugal,Portuguese,Yes,Full-Time
66958e63fa67fc1ca12332e0,5f450738ab827a05e739ef40,APPROVED,Not Applicable,2024-07-15T21:02:27.940000Z,2024-07-15T21:09:07.897000Z,2024-07-23T12:39:57.163000Z,2024-07-15T21:09:09.440044Z,400,NOCODE,1432,Information Technology,"Shell scripting, Monitoring, Search technologies",1000+,Publicly listed/traded enterprise (e.g. listed on a stock exchange),30,Male,White,Lithuania,United Kingdom,Lithuania,Lithuanian,Yes,Full-Time
66958e6d6cccaf839ed4c98f,6580954b223031eddaaf646c,APPROVED,Not Applicable,2024-07-15T21:06:23.887000Z,2024-07-15T21:13:24.290000Z,2024-07-25T09:54:58.029000Z,2024-07-23T17:26:05.300328Z,421,NOCODE,126,Information Technology,"Cloud computing, Shell scripting, Version control, Monitoring, caching",1000+,Large private enterprise,29,Male,White,Netherlands,Netherlands,Netherlands,Dutch,DATA_EXPIRED,Full-Time
66958eb512272a07f89d5bab,6159e5f964d5b78cedb9c192,APPROVED,Not Applicable,2024-07-15T21:03:49.973000Z,2024-07-15T21:09:09.489000Z,2024-07-23T12:51:28.240000Z,2024-07-15T21:09:11.201984Z,320,https://vuamsterdam.eu.qualtrics.com/jfe/form/SV_6J8LNL8BYSuUuAC?PROLIFIC_PID=6159e5f964d5b78cedb9c192&amp;STUDY_ID=66958307a0ad31e4d59283db&amp;SESSION_ID=66958eb512272a07f89d5bab,797,Information Technology,"Responsive design, Web servers",1000+,Large private enterprise,47,Male,White,Portugal,Portugal,Portugal,Portuguese,No,Full-Time
66958f18fa024fe29f1c6304,6659ce0aede1cd81f25f5e6f,APPROVED,Not Applicable,2024-07-15T21:05:53.869000Z,2024-07-15T21:28:04.776000Z,2024-07-16T15:57:51.546000Z,2024-07-15T21:28:06.272277Z,1331,NOCODE,19,Information Technology,"Monitoring, Background processing",1000+,Large private enterprise,35,Female,Black,South Africa,South Africa,South Africa,English,Yes,Full-Time
66958f79fb3b197bf7cd0cea,5f1bf7bb9f48184274051108,APPROVED,Not Applicable,2024-07-15T21:07:14.027000Z,2024-07-15T21:14:16.207000Z,2024-07-16T15:57:41.013000Z,2024-07-15T21:14:22.718105Z,423,NOCODE,1182,Information Technology,"Search technologies, Cloud computing, Database management",1000+,Publicly listed/traded enterprise (e.g. listed on a stock exchange),49,Male,White,France,Ireland,France,French,No,Full-Time
6695905a4528ba840cfcac8b,6152305042a5020fd676cae3,APPROVED,Not Applicable,2024-07-15T21:10:54.917000Z,2024-07-15T21:17:23.953000Z,2024-07-23T12:40:30.748000Z,2024-07-15T21:17:25.426654Z,390,NOCODE,2249,Information Technology,"Shell scripting, Version control, Debugging, UI design",1000+,Publicly listed/traded enterprise (e.g. listed on a stock exchange),64,Male,White,United States,United States,United States,English,No,Full-Time
669590875567271823e3a858,6679757dcf5a0a996e500673,APPROVED,Not Applicable,2024-07-15T21:11:38.460000Z,2024-07-15T21:16:19.671000Z,2024-07-23T17:23:50.286000Z,2024-07-23T17:26:05.318678Z,282,NOCODE,42,Information Technology,"Cloud computing, Monitoring, Version control, Debugging, Functional testing, Web servers, Database management, A/B testing, UX, UI design, Responsive design",1000+,Large private enterprise,36,Male,White,Brazil,Canada,Brazil,Portuguese,No,Full-Time
669591c212272a07f89d5c6c,6692fcc54896e26c1dad62bb,APPROVED,Not Applicable,2024-07-15T21:16:53.848000Z,2024-07-15T21:22:13.501000Z,2024-07-23T12:51:45.857000Z,2024-07-15T21:23:07.692955Z,320,NOCODE,3,Information Technology,Web servers,1000+,Large private enterprise,43,Male,Asian,United Kingdom,United Kingdom,United Kingdom,English,No,Full-Time
669591c7db6844370357b576,661b22db44cb7188b3accbff,APPROVED,Not Applicable,2024-07-15T21:16:58.208000Z,2024-07-15T21:19:45.286000Z,2024-07-24T13:25:26.292000Z,2024-07-23T17:26:05.350867Z,168,NOCODE,261,CONSENT_REVOKED,CONSENT_REVOKED,CONSENT_REVOKED,CONSENT_REVOKED,CONSENT_REVOKED,CONSENT_REVOKED,CONSENT_REVOKED,CONSENT_REVOKED,CONSENT_REVOKED,CONSENT_REVOKED,CONSENT_REVOKED,CONSENT_REVOKED,CONSENT_REVOKED
6695920e24de494a22ae93d6,6023f94d1951e70ae21770ec,APPROVED,Not Applicable,2024-07-15T21:18:11.415000Z,2024-07-15T21:23:24.358000Z,2024-07-23T12:50:37.286000Z,2024-07-15T21:23:49.226262Z,313,no code provided,1128,Information Technology,"Virtualisation, Database management, UI design, UX, Monitoring",1000+,Large private enterprise,36,Male,White,United Kingdom,United Kingdom,United Kingdom,Lithuanian,Yes,Full-Time
669592113e3dfcf11257e461,6679928f3c55062c3e2408e9,APPROVED,Not Applicable,2024-07-15T21:18:23.638000Z,2024-07-15T22:01:01.361000Z,2024-07-23T12:24:48.426000Z,2024-07-15T22:01:08.344028Z,2558,NOCODE,30,Information Technology,"Background processing, Don't know/Rather not say",1000+,Large private enterprise,26,Male,Asian,China,Canada,China,Mandarin,No,Full-Time
6695923a9218b2aa92f04430,62b1e4dfa33a3d444584c8b3,APPROVED,Not Applicable,2024-07-15T21:18:55.067000Z,2024-07-15T21:23:44.450000Z,2024-07-23T12:48:16.309000Z,2024-07-15T21:23:58.875906Z,290,NOCODE,3357,Information Technology,Don't know/Rather not say,1000+,Publicly listed/traded enterprise (e.g. listed on a stock exchange),36,Male,White,United States,United States,United States,English,DATA_EXPIRED,Full-Time
66959257383d9c538fb322f1,655d0002ee5c1de6a2c46327,APPROVED,Not Applicable,2024-07-15T21:19:22.397000Z,2024-07-15T21:25:07.611000Z,2024-07-23T12:52:37.984000Z,2024-07-15T21:25:08.456080Z,346,NOCODE,135,Information Technology,"Shell scripting, Monitoring, Virtualisation, Debugging, Functional testing, Unit testing, Web servers, A/B testing",1000+,Large private enterprise,35,Male,White,France,France,France,French,No,Full-Time
669592eb6bd7577466d2d5f4,66758bdec51b6b1ad14e2438,APPROVED,Not Applicable,2024-07-15T21:21:59.121000Z,2024-07-15T21:27:49.514000Z,2024-07-23T12:52:48.105000Z,2024-07-15T21:27:50.666785Z,351,NOCODE,8,Information Technology,"UX, UI design, A/B testing, Database management",1000+,Large private enterprise,23,Female,White,Poland,Poland,Poland,Polish,No,Full-Time
6695931124bcc9d19a57a2c4,6648adee7d29687acc3a0912,APPROVED,Not Applicable,2024-07-15T21:22:31.172000Z,2024-07-15T21:29:38.105000Z,2024-07-16T15:58:28.436000Z,2024-07-15T21:29:38.632329Z,427,NOCODE,65,Information Technology,Don't know/Rather not say,1000+,Large private enterprise,54,Male,White,Italy,Italy,Italy,Italian,No,Full-Time
6695940740089a9428928767,60fe54550c56a36a9a0558cd,APPROVED,Not Applicable,2024-07-15T21:26:42.565000Z,2024-07-15T21:39:26.968000Z,2024-07-23T12:33:26.135000Z,2024-07-15T21:39:29.449094Z,765,NOCODE,299,Information Technology,"Search technologies, Functional testing",1000+,Large private enterprise,37,Female,Black,South Africa,South Africa,South Africa,English,No,Full-Time
6695940f22e89dfccd8d16cf,656e1ed4402d628e268816d8,APPROVED,Not Applicable,2024-07-15T21:27:05.217000Z,2024-07-15T21:34:04.788000Z,2024-07-16T15:58:42.208000Z,2024-07-15T21:34:29.146021Z,420,NOCODE,185,Information Technology,Don't know/Rather not say,1000+,Large private enterprise,34,Female,Asian,China,France,France,Chinese,No,Full-Time
66959416f84305d987b4e828,5d14fa7e5385be0001b1bd81,APPROVED,Not Applicable,2024-07-15T21:26:49.422000Z,2024-07-15T21:31:40.406000Z,2024-07-25T09:54:57.051000Z,2024-07-23T17:26:05.426245Z,291,NOCODE,114,Information Technology,"Virtualisation, Web servers, Database management, Version control, Monitoring, Background processing, Cloud computing",1000+,Large private enterprise,36,Male,White,Canada,Canada,Canada,English,No,Full-Time
6695942ee8dc22486f24100d,668ec4ddc9aed2f8cc62cb28,APPROVED,Not Applicable,2024-07-15T21:27:14.898000Z,2024-07-15T21:35:07.792000Z,2024-07-23T12:37:16.879000Z,2024-07-15T21:35:08.622978Z,473,NOCODE,15,Information Technology,"Cloud computing, Shell scripting, Background processing, Search technologies, Monitoring, caching, Version control, Debugging, Virtualisation, Functional testing, Unit testing, Web servers, Database management, Responsive design, UI design, UX",1000+,Large private enterprise,33,Male,Asian,India,Canada,India,Hindi,No,Full-Time
6695948371a84d32198eee38,5bd04ae2cff8c700012aabb4,APPROVED,Not Applicable,2024-07-15T21:28:39.996000Z,2024-07-15T21:35:41.969000Z,2024-07-23T12:38:53.948000Z,2024-07-15T21:35:43.256585Z,422,NOCODE,735,Information Technology,"Responsive design, UX, UI design",1000+,Large private enterprise,34,Female,White,Portugal,Portugal,Portugal,Portuguese,No,Full-Time
669595163b92f8bad67ee4c5,6636a7456e7f277f59dda9bd,APPROVED,Not Applicable,2024-07-15T21:31:05.668000Z,2024-07-15T21:34:46.381000Z,2024-07-23T12:43:14.079000Z,2024-07-15T21:34:47.168651Z,221,NOCODE,187,Information Technology,"Unit testing, Functional testing, Debugging, Version control, Background processing, Shell scripting, A/B testing, UX",1000+,Large private enterprise,31,Female,Asian,India,United States,India,Other,No,Full-Time
6695952338627e0d9e2da2d0,602d6290d0550577c03a4364,APPROVED,Not Applicable,2024-07-15T21:31:22.825000Z,2024-07-15T21:45:45.416000Z,2024-07-23T12:31:53.801000Z,2024-07-15T21:45:46.233175Z,863,NOCODE,128,Information Technology,Don't know/Rather not say,1000+,Large private enterprise,24,Female,Mixed,Mexico,Mexico,Mexico,Spanish,Yes,Unemployed (and job seeking)
66959530f682cbdaaf83fb43,65ce1cd9ab1af2d57ecc6434,APPROVED,Not Applicable,2024-07-15T21:31:35.206000Z,2024-07-15T21:40:03.327000Z,2024-07-16T15:59:02.462000Z,2024-07-15T21:40:04.045619Z,509,NOCODE,53,Information Technology,"Cloud computing, Search technologies, Database management, UI design, UX",1000+,Large private enterprise,31,Male,Black,Tanzania,France,Tanzania,Swahili,No,Part-Time
669595386ff899bf56857fe1,667ace1b01dab1e53c9351a7,APPROVED,Not Applicable,2024-07-15T21:31:36.161000Z,2024-07-15T21:45:13.823000Z,2024-07-23T12:59:33.007000Z,2024-07-23T17:26:05.481547Z,818,NOCODE,76,Information Technology,"Cloud computing, Web servers, Database management, Functional testing, Debugging, Virtualisation, Shell scripting, Search technologies, Monitoring",1000+,Large private enterprise,33,Male,Black,Nigeria,United Kingdom,Nigeria,English,No,Full-Time
6695953940089a9428928797,5ee7a70c55e80504fa3bc6ab,APPROVED,Not Applicable,2024-07-15T21:31:41.306000Z,2024-07-15T21:35:29.999000Z,2024-07-23T12:43:31.195000Z,2024-07-15T21:35:31.806663Z,229,NOCODE,410,Information Technology,Cloud computing,1000+,Publicly listed/traded enterprise (e.g. listed on a stock exchange),23,Male,White,United Kingdom,United Kingdom,United Kingdom,English,Yes,Full-Time
669595738b77708db0a1c1f3,66939d855c5ac6ac467be584,APPROVED,Not Applicable,2024-07-15T21:33:01.234000Z,2024-07-15T21:40:26.962000Z,2024-07-16T15:58:56.472000Z,2024-07-15T21:40:27.986491Z,446,NOCODE,16,Information Technology,"Cloud computing, Shell scripting, Search technologies, Background processing",1000+,Large private enterprise,25,Male,White,United States,United States,United States,English,No,Full-Time
669595af20e5a482c38ddf70,666ca9d0c209223644cd956e,APPROVED,Not Applicable,2024-07-15T21:33:40.924000Z,2024-07-15T21:38:25.081000Z,2024-07-23T12:47:33.114000Z,2024-07-15T21:38:25.834246Z,285,NOCODE,39,Information Technology,Don't know/Rather not say,1000+,Large private enterprise,35,Female,White,Canada,Canada,Canada,English,No,Part-Time
669595d244269c3d2a6aab56,65fd56b4fb5f65420b0c69a2,APPROVED,Not Applicable,2024-07-15T21:34:16.720000Z,2024-07-15T21:41:03.217000Z,2024-07-25T09:55:12.902000Z,2024-07-15T21:43:03.270373Z,407,NOCODE,88,Information Technology,"Version control, Monitoring, Shell scripting, Debugging, Unit testing, Database management, A/B testing",1000+,Publicly listed/traded enterprise (e.g. listed on a stock exchange),39,Male,White,Germany,Germany,Germany,German,No,Full-Time
669595dda47c39f91d2b4316,65beabad4c2ea319391adf87,APPROVED,Not Applicable,2024-07-15T21:34:26.188000Z,2024-07-15T21:39:50.723000Z,2024-07-23T12:51:43.654000Z,2024-07-15T21:39:51.335502Z,325,NOCODE,186,Information Technology,"Cloud computing, Search technologies, Monitoring, Virtualisation, Unit testing, Web servers, Functional testing, Database management",1000+,Large private enterprise,24,Female,Asian,Taiwan,Canada,Canada,Chinese,No,Full-Time
669595ea6ff899bf56857fff,665c8b5876b5f49e54a78d24,APPROVED,Not Applicable,2024-07-15T21:34:37.070000Z,2024-07-15T21:38:47.576000Z,2024-07-23T12:44:36.032000Z,2024-07-15T21:38:49.338086Z,251,NOCODE,17,Information Technology,"Cloud computing, Shell scripting, Background processing, Search technologies, Monitoring, caching, Version control, Virtualisation, Debugging, Functional testing, Unit testing, Web servers, Database management, Responsive design, UI design, A/B testing, UX",1000+,Publicly listed/traded enterprise (e.g. listed on a stock exchange),26,Male,Mixed,United States,United States,United States,English,No,Full-Time
669595ff69494827308d1710,608b3a030c86f58ffd351d63,APPROVED,Not Applicable,2024-07-15T21:35:00.412000Z,2024-07-15T21:39:01.114000Z,2024-07-23T12:44:02.619000Z,2024-07-15T21:39:01.872254Z,241,NOCODE,1926,Information Technology,"Cloud computing, Unit testing, Search technologies",1000+,Large private enterprise,35,Male,White,France,United States,France,French,No,Full-Time
6695962e63bdc868081f60b0,62a0c5bf6efbdb2f7d383eaf,APPROVED,Not Applicable,2024-07-15T21:35:46.833000Z,2024-07-15T21:42:02.641000Z,2024-07-23T12:53:16.720000Z,2024-07-15T21:43:35.251955Z,376,NOCODE,1416,Information Technology,"Functional testing, UX",1000+,Publicly listed/traded enterprise (e.g. listed on a stock exchange),62,Male,White,United Kingdom,United Kingdom,United Kingdom,English,No,Full-Time
669596d422e89dfccd8d1789,652d36620eca7decc5bd4466,APPROVED,Not Applicable,2024-07-15T21:38:43.921000Z,2024-07-15T21:43:04.590000Z,2024-07-23T12:46:29.159000Z,2024-07-15T21:44:08.885424Z,261,NOCODE,78,Information Technology,UI design,1000+,Large private enterprise,23,Female,Black,Canada,Canada,Canada,English,Yes,Full-Time
6695973a6db58bdcd2d1e335,5ece9e3b3a19db0cf5af6692,APPROVED,Not Applicable,2024-07-15T21:40:10.130000Z,2024-07-15T21:47:29.847000Z,2024-07-16T15:59:29.637000Z,2024-07-15T21:47:30.723221Z,440,NOCODE,716,Information Technology,Don't know/Rather not say,1000+,Publicly listed/traded enterprise (e.g. listed on a stock exchange),42,Male,White,United Kingdom,United Kingdom,United Kingdom,English,No,Full-Time
669597d853a6952e7b9107f4,668a83a1c8d3a43fd880e18c,APPROVED,Not Applicable,2024-07-15T21:42:55.332000Z,2024-07-15T21:53:52.180000Z,2024-07-23T12:34:50.630000Z,2024-07-15T21:54:10.830655Z,657,NOCODE,24,Information Technology,"Cloud computing, Background processing, Search technologies, Shell scripting",1000+,Large private enterprise,24,Male,White,United States,United States,United States,English,No,Full-Time
669597da18c7037e34a96b7f,6693b2cf25ad5f070bebef81,APPROVED,Not Applicable,2024-07-15T21:42:53.188000Z,2024-07-15T21:53:35.630000Z,2024-07-23T12:35:19.965000Z,2024-07-15T21:53:42.224110Z,643,NOCODE,2,Information Technology,"Cloud computing, Shell scripting, Background processing, Search technologies",1000+,Large private enterprise,21,Male,White,United States,United States,United States,English,No,Full-Time
6695981828ad7f46483271e5,65fbe33d38ea0e3701414b61,APPROVED,Not Applicable,2024-07-15T21:44:00.603000Z,2024-07-15T22:01:03.783000Z,2024-07-25T09:55:00.162000Z,2024-07-15T22:01:08.947853Z,1024,CBHB8QEX,28,Information Technology,Don't know/Rather not say,1000+,Large private enterprise,27,Female,Black,Kenya,Kenya,Kenya,English,Yes,Part-Time
669598819d31d62b6fb2baae,667e9a6f2898845b9502b1de,APPROVED,Not Applicable,2024-07-15T21:53:54.370000Z,2024-07-15T22:01:06.515000Z,2024-07-16T16:00:16.956000Z,2024-07-15T22:01:11.212895Z,433,NOCODE,50,Information Technology,"Cloud computing, Background processing, Search technologies",1000+,Large private enterprise,26,Male,White,United States,United States,United States,English,No,Full-Time
6695989e83501ffc7f698632,62838cdc775f6094ddf0664b,APPROVED,Not Applicable,2024-07-15T21:46:09.831000Z,2024-07-15T21:52:15.757000Z,2024-07-16T15:59:42.141000Z,2024-07-15T21:52:16.348530Z,366,NOCODE,1894,Information Technology,"Shell scripting, Cloud computing",1000+,Publicly listed/traded enterprise (e.g. listed on a stock exchange),37,Male,White,United States,United States,United States,English,No,DATA_EXPIRED
6695990807f6d8c6cc383e03,6622bf4c8a4ed28e29d7f5f7,APPROVED,Not Applicable,2024-07-15T21:47:56.228000Z,2024-07-15T21:54:32.278000Z,2024-07-23T12:40:08.555000Z,2024-07-15T21:54:51.874462Z,397,NOCODE,342,Information Technology,Don't know/Rather not say,1000+,Publicly listed/traded enterprise (e.g. listed on a stock exchange),30,Female,White,United States,United States,United States,English,No,Full-Time
6695992e6635187639c26cbe,653178c7d58b18168deb79bd,APPROVED,Not Applicable,2024-07-15T21:48:30.480000Z,2024-07-15T21:53:08.428000Z,2024-07-23T12:47:22.705000Z,2024-07-15T21:53:09.315293Z,278,NOCODE,350,Information Technology,Don't know/Rather not say,1000+,Publicly listed/traded enterprise (e.g. listed on a stock exchange),19,Male,White,Poland,Poland,Poland,Polish,Yes,Full-Time
6695993644269c3d2a6aabe3,5c41f9ce4fe4f800016dfaac,APPROVED,Not Applicable,2024-07-15T21:48:42.908000Z,2024-07-15T21:54:27.678000Z,2024-07-23T12:52:21.961000Z,2024-07-15T21:54:45.975551Z,345,NOCODE,848,Information Technology,UI design,1000+,Large private enterprise,29,Male,Mixed,South Africa,South Africa,South Africa,English,Yes,Full-Time
669599a024de494a22ae9525,669179f2845f87a6ee8b3b95,APPROVED,Not Applicable,2024-07-15T21:50:32.559000Z,2024-07-15T21:57:28.346000Z,2024-07-23T12:39:07.336000Z,2024-07-15T21:57:29.014775Z,416,NOCODE,7,Information Technology,Cloud computing,1000+,Large private enterprise,54,Female,White,United Kingdom,United Kingdom,United Kingdom,English,No,Full-Time
669599e60806f0ddbdbb1423,6605cd2fc352ad987368723a,APPROVED,Not Applicable,2024-07-15T21:51:53.238000Z,2024-07-15T21:58:28.617000Z,2024-07-16T16:00:07.717000Z,2024-07-15T21:58:31.024641Z,396,NOCODE,157,Information Technology,Cloud computing,1000+,Publicly listed/traded enterprise (e.g. listed on a stock exchange),53,Male,White,Canada,Canada,Canada,English,No,Full-Time
66959a19b68b93d1b01216ae,5aa1c9fe35237b000112df7d,APPROVED,Not Applicable,2024-07-15T21:52:46.521000Z,2024-07-15T22:01:44.251000Z,2024-07-25T09:54:58.718000Z,2024-07-15T22:01:47.390187Z,538,NOCODE,232,Information Technology,"Shell scripting, Web servers, Unit testing, Version control, Background processing",1000+,Publicly listed/traded enterprise (e.g. listed on a stock exchange),32,Male,White,Czech Republic,Czech Republic,Czech Republic,Czech,No,Full-Time
66959a4563de1efb42eeee5e,5fdcad62eed16d2504b27f5a,APPROVED,Not Applicable,2024-07-15T21:53:17.538000Z,2024-07-15T22:04:57.777000Z,2024-07-23T13:18:20.666000Z,2024-07-15T22:06:17.859042Z,701,NOCODE,382,Information Technology,"Debugging, Database management, Search technologies",1000+,Large private enterprise,20,Female,Black,Congo the Democratic Republic of the,South Africa,Congo the Democratic Republic of the,English,Yes,Full-Time
66959b2b22e89dfccd8d1871,5f6a546fe472fc0f4dc976c9,APPROVED,Not Applicable,2024-07-15T21:57:04.457000Z,2024-07-15T22:03:45.434000Z,2024-07-23T12:53:41.856000Z,2024-07-15T22:06:02.121398Z,401,NOCODE,184,Information Technology,"Debugging, Shell scripting, UX, Monitoring, Functional testing",1000+,Large private enterprise,35,Male,Asian,China,Canada,Canada,English,No,Full-Time
66959b388b6cc0aa5dc21c39,60a9610cae689e66af400f01,APPROVED,Not Applicable,2024-07-15T21:57:16.450000Z,2024-07-15T22:08:52.494000Z,2024-07-23T12:34:03.764000Z,2024-07-15T22:08:53.864465Z,697,NOCODE,755,Information Technology,"Shell scripting, Version control, Debugging, Functional testing, Unit testing, Database management, Responsive design, UI design",1000+,Publicly listed/traded enterprise (e.g. listed on a stock exchange),25,Male,Asian,United Kingdom,United Kingdom,United Kingdom,Bengali,Yes,Full-Time
66959b7283501ffc7f6986ae,60e5cb4ca01a593fce9a379d,APPROVED,Not Applicable,2024-07-15T21:58:17.139000Z,2024-07-15T22:05:18.384000Z,2024-07-23T13:05:03.232000Z,2024-07-23T17:26:05.611727Z,422,NOCODE,2490,Information Technology,"Cloud computing, Shell scripting, Background processing, Search technologies, Monitoring, caching, Version control, Debugging, Functional testing, Unit testing, Web servers, Database management, Responsive design, UX, A/B testing, UI design",1000+,Large private enterprise,34,Male,Asian,India,United States,India,Telugu,No,Full-Time
66959bf53e3dfcf11257e69e,5eeb326764eb142830aa5cfb,APPROVED,Not Applicable,2024-07-15T22:00:28.899000Z,2024-07-15T22:04:46.871000Z,2024-07-25T09:55:13.816000Z,2024-07-15T22:06:15.447145Z,258,NOCODE,701,Information Technology,"Monitoring, Cloud computing, UX, A/B testing, UI design, Database management, Web servers, Unit testing, Background processing, Search technologies, Shell scripting, Functional testing",1000+,Large private enterprise,39,Male,Asian,India,Canada,India,Malayalam,No,Full-Time
66959c28e56c8f01180a8bdb,6581a479f9807ef785856770,APPROVED,Not Applicable,2024-07-15T22:01:53.517000Z,2024-07-15T22:05:56.662000Z,2024-07-23T12:44:15.302000Z,2024-07-15T22:06:33.305069Z,244,NOCODE,175,Information Technology,"Cloud computing, Virtualisation",1000+,Large private enterprise,20,Male,Other,Nigeria,United States,Nigeria,English,DATA_EXPIRED,DATA_EXPIRED
66959cefd79b6a3e9c70c099,65a7e4a761de34226ae7b490,APPROVED,Not Applicable,2024-07-15T22:04:38.140000Z,2024-07-15T22:08:50.052000Z,2024-07-23T12:44:50.250000Z,2024-07-15T22:08:52.164780Z,252,65a7e4a761de34226ae7b490,27,Information Technology,"caching, Monitoring, Web servers",1000+,Large private enterprise,43,Female,White,United Kingdom,United Kingdom,United Kingdom,English,No,Full-Time
66959dc76db58bdcd2d1e49f,6679991eb7c93e019fc13239,APPROVED,Not Applicable,2024-07-15T22:08:11.066000Z,2024-07-15T22:13:55.157000Z,2024-07-23T17:24:03.876000Z,2024-07-15T22:13:56.427392Z,345,NOCODE,31,Information Technology,"Version control, UI design, UX, Responsive design",1000+,Large private enterprise,36,Male,Asian,Canada,Canada,Canada,English,No,Full-Time
66959dc9a818b029db603124,65b8202861254d42a61c7fa9,APPROVED,Not Applicable,2024-07-15T22:08:18.023000Z,2024-07-15T22:13:14.646000Z,2024-07-23T12:48:47.502000Z,2024-07-15T22:13:33.675549Z,297,NOCODE,132,Information Technology,"Cloud computing, Virtualisation, Functional testing, Unit testing",1000+,Large private enterprise,47,Male,Asian,Singapore,Australia,Singapore,English,No,Full-Time
66959df0383d9c538fb32505,6293c7cef1af3c7badc3e25b,APPROVED,Not Applicable,2024-07-15T22:08:48.063000Z,2024-07-15T22:12:22.500000Z,2024-07-23T12:43:05.127000Z,2024-07-15T22:12:24.624709Z,215,NOCODE,1241,Information Technology,"Functional testing, A/B testing, Debugging",1000+,Publicly listed/traded enterprise (e.g. listed on a stock exchange),30,Male,White,United States,United States,United States,English,No,Full-Time
66959dfba0ad31e4d5928a1c,63d412b04410a6e323b0d343,APPROVED,Not Applicable,2024-07-15T22:09:03.640000Z,2024-07-15T22:13:19.961000Z,2024-07-23T12:46:07.543000Z,2024-07-15T22:13:34.696468Z,257,NOCODE,2938,Information Technology,"UI design, A/B testing, Database management, Debugging, UX",1000+,Publicly listed/traded enterprise (e.g. listed on a stock exchange),37,Female,Asian,United States,United States,United States,English,No,Full-Time
66959efe94dcd4ffd3979c58,668a9713e3a5738ea2049491,APPROVED,Not Applicable,2024-07-15T22:13:25.615000Z,2024-07-15T22:22:24.652000Z,2024-07-23T12:36:16.629000Z,2024-07-15T22:22:58.524076Z,540,NOCODE,8,Information Technology,"A/B testing, UX, UI design",1000+,Publicly listed/traded enterprise (e.g. listed on a stock exchange),36,Female,White,Latvia,Australia,Australia,English,Yes,Full-Time
66959ffc1dfcf44f6ca99ee3,6328ea8c44e1e6f7180facd3,APPROVED,Not Applicable,2024-07-15T22:17:41.881000Z,2024-07-15T22:21:45.324000Z,2024-07-23T12:44:26.501000Z,2024-07-15T22:22:06.612263Z,244,NOCODE,517,Information Technology,"Cloud computing, Database management, Web servers, Unit testing, Functional testing, Debugging",1000+,Large private enterprise,23,Male,White,Poland,United Kingdom,United Kingdom,English,No,Full-Time
6695a015603aa8d9511f63d1,663068f52490bf6d13f95968,APPROVED,Not Applicable,2024-07-15T22:19:26.435000Z,2024-07-15T22:33:36.945000Z,2024-07-24T13:24:14.564000Z,2024-07-15T22:33:37.599678Z,851,NOCODE,115,Information Technology,"Shell scripting, Background processing, caching, Version control, Virtualisation, Debugging, Unit testing",1000+,Publicly listed/traded enterprise (e.g. listed on a stock exchange),33,Female,White,Iran,Canada,Iran,Farsi,No,Full-Time
6695a0486a7d8eefadb14e10,579937134d107800016dd569,APPROVED,Not Applicable,2024-07-15T22:18:52.819000Z,2024-07-15T22:23:50.329000Z,2024-07-23T12:48:55.624000Z,2024-07-15T22:23:51.042250Z,298,NOCODE,1374,Information Technology,"UX, Responsive design",1000+,Large private enterprise,42,Female,Black,United States,United States,United States,English,No,Full-Time
6695a06c93b951e2d0910963,6630daff9088d00270bf8fc7,APPROVED,Not Applicable,2024-07-15T22:19:40.674000Z,2024-07-15T22:30:28.801000Z,2024-07-16T16:01:03.370000Z,2024-07-15T22:32:49.633371Z,649,NOCODE,243,Information Technology,"Cloud computing, Monitoring, Functional testing, Debugging, Web servers, Database management",1000+,Large private enterprise,43,Male,White,United States,United States,United States,English,No,Full-Time
6695a073fdbe4113b88dc84a,668eb0991246933c71817f54,APPROVED,Not Applicable,2024-07-15T22:19:36.778000Z,2024-07-15T22:27:17.059000Z,2024-07-16T16:00:56.704000Z,2024-07-15T22:30:27.684398Z,461,NOCODE,12,Information Technology,"Shell scripting, Background processing, Version control, Debugging, Functional testing, Unit testing, Web servers, Database management, UI design, Responsive design, UX",1000+,Publicly listed/traded enterprise (e.g. listed on a stock exchange),47,Female,White,Russian Federation,United States,Russian Federation,Russian,No,Part-Time
6695a2467fbc8273606ab368,650309a7aa388e72bb5f3d22,APPROVED,Not Applicable,2024-07-15T22:27:18.331000Z,2024-07-15T22:32:43.451000Z,2024-07-23T12:52:00.651000Z,2024-07-15T22:32:56.834900Z,326,NOCODE,599,Information Technology,"Monitoring, Version control, Cloud computing",1000+,Large private enterprise,19,Male,White,Poland,Poland,Poland,Polish,No,Full-Time
6695a28b14b1404de30e4a35,66588675c6cf038dad7c95e9,APPROVED,Not Applicable,2024-07-15T22:28:37.030000Z,2024-07-15T22:33:10.841000Z,2024-07-23T12:47:11.841000Z,2024-07-15T22:33:11.827304Z,274,NOCODE,20,Information Technology,"Database management, Web servers, Responsive design, Debugging, Background processing",1000+,Publicly listed/traded enterprise (e.g. listed on a stock exchange),25,Female,Asian,India,United Kingdom,United Kingdom,English,No,Full-Time
6695a32281b1645938394b08,60ceeec3a0bed4a1e603b8d7,APPROVED,Not Applicable,2024-07-15T22:31:02.485000Z,2024-07-15T22:38:56.710000Z,2024-07-23T12:37:04.016000Z,2024-07-15T22:39:27.169970Z,475,NOCODE,5149,Information Technology,"Cloud computing, Monitoring, caching, Version control, Virtualisation, Unit testing, Database management, Web servers",1000+,Publicly listed/traded enterprise (e.g. listed on a stock exchange),33,Male,Asian,Japan,United States,United States,Japanese,No,Full-Time
6695a3e8cb1ba5aa7aa80681,6505e90a3ea83031f55ee535,APPROVED,Not Applicable,2024-07-15T22:34:16.155000Z,2024-07-15T22:44:08.002000Z,2024-07-16T16:01:19.005000Z,2024-07-15T22:44:09.210932Z,592,NOCODE,547,Information Technology,"Cloud computing, Functional testing, Web servers, Virtualisation",1000+,Publicly listed/traded enterprise (e.g. listed on a stock exchange),51,Female,White,Poland,Poland,Poland,Polish,DATA_EXPIRED,DATA_EXPIRED
6695a40d2008da1146c1cc9e,656b38d668b29fde6f41f076,APPROVED,Not Applicable,2024-07-15T22:34:57.277000Z,2024-07-15T22:40:07.828000Z,2024-07-23T12:50:23.960000Z,2024-07-15T22:40:41.948764Z,311,NOCODE,12,Information Technology,"Cloud computing, Shell scripting, Debugging",1000+,Publicly listed/traded enterprise (e.g. listed on a stock exchange),29,Female,Asian,China,Canada,China,Chinese,No,Full-Time
6695a4879d5ae9c830b4e9e6,664b6f274e5995790909caa3,APPROVED,Not Applicable,2024-07-15T22:37:07.903000Z,2024-07-15T23:04:53.546000Z,2024-07-23T12:28:56.354000Z,2024-07-15T23:05:28.328862Z,1666,NOCODE,9,Information Technology,"Monitoring, Search technologies, Background processing, Shell scripting, Cloud computing, Version control, Virtualisation, Debugging, Functional testing, Web servers, Database management, Responsive design, UI design, A/B testing, UX",1000+,Publicly listed/traded enterprise (e.g. listed on a stock exchange),37,Female,Asian,Indonesia,Indonesia,Indonesia,Indonesian,No,Full-Time
6695a4d3853253e7a7eea932,6505e1d7baa4d89f7a2f3b53,APPROVED,Not Applicable,2024-07-15T22:38:11.410000Z,2024-07-15T22:43:28.379000Z,2024-07-23T12:50:57.550000Z,2024-07-15T22:43:29.003478Z,317,NOCODE,582,Information Technology,"Version control, Cloud computing, Shell scripting, Background processing",1000+,Large private enterprise,39,Male,White,Poland,Poland,Poland,Polish,No,Full-Time
6695a96458bf1268de0a3e3e,6659d1243a4021cef19308d5,APPROVED,Not Applicable,2024-07-15T22:57:48.800000Z,2024-07-15T23:39:13.911000Z,2024-07-16T16:01:47.432000Z,2024-07-16T00:07:35.372771Z,2486,NOCODE,5,Information Technology,"Search technologies, Database management",1000+,Large private enterprise,22,Female,Mixed,Spain,Spain,Spain,Spanish,Yes,Part-Time
6695ab8782fd54349473d44f,669290588d63435ce7f16ddf,APPROVED,Not Applicable,2024-07-15T23:07:16.574000Z,2024-07-15T23:31:04.234000Z,2024-07-16T16:01:38.101000Z,2024-07-15T23:54:15.226584Z,1428,NOCODE,19,Information Technology,"Shell scripting, Background processing",1000+,Publicly listed/traded enterprise (e.g. listed on a stock exchange),21,Female,White,United States,United States,DATA_EXPIRED,English,No,Full-Time
6695ac052008da1146c1ce29,667d80dee9623f417d32cc41,APPROVED,Not Applicable,2024-07-15T23:09:06.656000Z,2024-07-15T23:31:00.310000Z,2024-07-16T16:01:30.446000Z,2024-07-15T23:54:14.670770Z,1314,NOCODE,42,Information Technology,"Cloud computing, Shell scripting, Background processing",1000+,Publicly listed/traded enterprise (e.g. listed on a stock exchange),25,Female,White,United States,United States,DATA_EXPIRED,English,No,Full-Time
6695ada2cb7c241f35dabee8,60065a5b1c26cc90f0c55664,APPROVED,Not Applicable,2024-07-15T23:15:50.851000Z,2024-07-15T23:22:43.596000Z,2024-07-23T13:03:29.892000Z,2024-07-23T17:26:05.793894Z,413,NOCODE,137,Information Technology,"Version control, Debugging, Database management",1000+,Publicly listed/traded enterprise (e.g. listed on a stock exchange),34,Female,White,Portugal,Portugal,Portugal,Portuguese,No,Full-Time
6695adaa3b92f8bad67ee9d2,6663d02c232bcc6a15b240b3,APPROVED,Not Applicable,2024-07-15T23:16:00.116000Z,2024-07-15T23:31:23.843000Z,2024-07-23T13:48:12.612000Z,2024-07-23T17:26:05.810483Z,924,NOCODE,17,Information Technology,"Debugging, Database management, Version control",1000+,Large private enterprise,38,Female,White,Russian Federation,Japan,Japan,Russian,No,Full-Time
6695b21f260334f2482b46f9,65084acc68c9ee35e56a7f22,APPROVED,Not Applicable,2024-07-15T23:35:00.909000Z,2024-07-15T23:38:55.969000Z,2024-07-23T12:43:50.233000Z,2024-07-16T00:06:49.430100Z,236,NOCODE,193,Information Technology,"Cloud computing, Shell scripting, Background processing, Search technologies, Monitoring, caching, Version control, Virtualisation, Debugging, Functional testing, Unit testing, Web servers, Database management, Responsive design, UI design, A/B testing, UX",1000+,Publicly listed/traded enterprise (e.g. listed on a stock exchange),25,Female,Asian,China,United States,China,English,Yes,Full-Time
6695b59acb1ba5aa7aa809bd,65a406c16f17beac9e7e6fe7,APPROVED,Not Applicable,2024-07-15T23:49:55.417000Z,2024-07-15T23:57:00.424000Z,2024-07-23T14:08:20.074000Z,2024-07-16T00:08:52.180340Z,426,NOCODE,80,Information Technology,"Cloud computing, Search technologies, Monitoring, Version control, Functional testing, Unit testing, Web servers, Database management, Responsive design, UI design, UX",1000+,Large private enterprise,45,Female,White,Australia,Australia,Australia,English,DATA_EXPIRED,Full-Time
6695b6a3433ccbe40b18b7f7,65c684fc340d02b99e802e1b,APPROVED,Not Applicable,2024-07-15T23:54:15.107000Z,2024-07-15T23:58:47.447000Z,2024-07-23T12:46:50.789000Z,2024-07-16T00:08:59.084346Z,273,NOCODE,75,Information Technology,"Cloud computing, Shell scripting, Version control, Debugging, Functional testing, Unit testing, Responsive design, UI design, UX",1000+,Publicly listed/traded enterprise (e.g. listed on a stock exchange),23,Female,Asian,Australia,Australia,Australia,English,No,Full-Time
6695b8f8816808350217a4e0,65a97d5307f808a0b287e677,APPROVED,Not Applicable,2024-07-16T00:04:20.652000Z,2024-07-16T00:18:11.069000Z,2024-07-16T16:02:01.695000Z,2024-07-16T00:18:21.430098Z,831,NOCODE,40,Information Technology,"Background processing, Database management",1000+,Large private enterprise,29,Female,Black,Nigeria,Japan,Nigeria,English,No,Full-Time
6695c2149d31d62b6fb2c3fb,6601a00c30582f248a36232c,APPROVED,Not Applicable,2024-07-16T00:43:07.755000Z,2024-07-16T00:52:46.257000Z,2024-07-23T12:36:05.055000Z,2024-07-16T01:30:03.733027Z,579,NOCODE,7,Information Technology,"Functional testing, UI design, UX",1000+,Large private enterprise,41,Female,Black,Zimbabwe,Ireland,Ireland,Other,No,Full-Time
6695c402ced9c0a280eeae90,5be0d2374579d00001ad8d6d,APPROVED,Not Applicable,2024-07-16T00:51:21.388000Z,2024-07-16T00:57:21.549000Z,2024-07-16T16:02:10.511000Z,2024-07-16T01:35:55.912506Z,361,NOCODE,415,Information Technology,Responsive design,1000+,Large private enterprise,26,Female,Other,Mexico,Mexico,Mexico,Spanish,Yes,Full-Time
6695c80665d8ee25cd2bdd0d,5eb06d490b554111d40b842f,APPROVED,Not Applicable,2024-07-16T01:08:31.098000Z,2024-07-16T01:21:07.613000Z,2024-07-23T17:22:38.792000Z,2024-07-16T02:20:37.980445Z,757,NOCODE,190,Information Technology,"Database management, Web servers",1000+,Large private enterprise,35,Female,Other,Mexico,Mexico,Mexico,Spanish,Yes,Full-Time
6695c8d968988bc7c157c11a,665a6d20e4fd69fa455ce3ca,APPROVED,Not Applicable,2024-07-16T01:12:04.617000Z,2024-07-16T01:17:20.185000Z,2024-07-23T12:50:48.174000Z,2024-07-16T02:10:19.238534Z,316,NOCODE,32,Information Technology,"Search technologies, Database management, Virtualisation, Cloud computing",1000+,Publicly listed/traded enterprise (e.g. listed on a stock exchange),30,Female,White,United States,United States,United States,English,No,Full-Time
6695d144ced9c0a280eeb248,6648074d0fed8ec434d0527c,APPROVED,Not Applicable,2024-07-16T01:47:52.863000Z,2024-07-16T01:53:34.478000Z,2024-07-23T12:52:11.121000Z,2024-07-16T04:00:46.130089Z,342,NOCODE,54,Information Technology,Don't know/Rather not say,1000+,Publicly listed/traded enterprise (e.g. listed on a stock exchange),33,Female,Black,United States,United States,United States,English,No,Full-Time
6695d2580b5f7fac68b2a09d,6682f2e94811d8f9981310e9,APPROVED,Not Applicable,2024-07-16T01:52:27.888000Z,2024-07-16T01:57:31.348000Z,2024-07-23T12:49:34.271000Z,2024-07-16T04:00:52.278917Z,304,NOCODE,82,Information Technology,"Search technologies, Database management, Debugging, UI design, UX, Web servers",1000+,Large private enterprise,20,Female,Black,United States,United States,United States,English,Yes,Part-Time
6695d66063a87f9cd0d3d561,5d574f9b4bbdf3001a142b84,APPROVED,Not Applicable,2024-07-16T02:09:41.798000Z,2024-07-16T02:14:13.935000Z,2024-07-23T12:47:01.227000Z,2024-07-16T04:01:06.916285Z,273,NOCODE,328,Information Technology,"Responsive design, Version control, Functional testing, UI design, Unit testing, UX, Debugging",1000+,Large private enterprise,33,Female,White,United States,United States,United States,English,No,Full-Time
6695d7a2d62534ce26327c2e,666a04ad7b938093d197e346,APPROVED,Not Applicable,2024-07-16T02:15:08.316000Z,2024-07-16T02:24:54.451000Z,2024-07-16T16:02:36.425000Z,2024-07-16T04:01:17.877762Z,587,NOCODE,73,Information Technology,"Cloud computing, Debugging",1000+,Large private enterprise,31,Female,Black,United States,United States,United States,English,No,Full-Time
6695dfc4afac9d73f2a3b572,60067204cef0ed9ed2fa3f64,APPROVED,Not Applicable,2024-07-16T02:49:40.888000Z,2024-07-16T03:00:34.015000Z,2024-07-16T16:03:01.682000Z,2024-07-16T04:01:43.514827Z,654,NOCODE,257,Information Technology,Don't know/Rather not say,1000+,Large private enterprise,29,Female,Black,South Africa,South Africa,South Africa,English,No,Full-Time
6695ea6ad248e9552bb31d10,668bef8641eee0e3155f3b33,APPROVED,Not Applicable,2024-07-16T03:35:28.803000Z,2024-07-16T03:45:04.212000Z,2024-07-16T16:03:10.556000Z,2024-07-16T04:02:16.904191Z,576,NOCODE,6,Information Technology,Cloud computing,1000+,Large private enterprise,29,Female,Black,Lesotho,South Africa,South Africa,English,No,Full-Time
6695f002e33f6b17bea3bb75,6682b0cb04af48acce6f2baa,APPROVED,Not Applicable,2024-07-16T03:59:23.728000Z,2024-07-16T04:08:41.535000Z,2024-07-16T16:03:18.103000Z,2024-07-16T04:08:42.131076Z,558,6682b0cb04af48acce6f2baa,1,Information Technology,"Database management, Web servers, Shell scripting",1000+,Publicly listed/traded enterprise (e.g. listed on a stock exchange),32,Female,Black,Zimbabwe,South Africa,Zimbabwe,English,No,Full-Time
6695f5142f0d5758ec39613f,667d677df8754efa34d124ce,APPROVED,Not Applicable,2024-07-16T04:20:47.826000Z,2024-07-16T04:33:48.257000Z,2024-07-23T13:21:07.368000Z,2024-07-16T04:33:48.886838Z,781,667d677df8754efa34d124ce,8,Information Technology,"Cloud computing, caching, Debugging, Web servers, Database management, Responsive design, UI design",1000+,Large private enterprise,21,Female,Black,South Africa,South Africa,South Africa,English,No,Full-Time
6695fde5d62534ce263284ce,60f1d99a67bc1538a6dadc94,APPROVED,Not Applicable,2024-07-16T04:58:13.347000Z,2024-07-16T05:03:12.158000Z,2024-07-23T12:49:05.825000Z,2024-07-16T05:03:12.873562Z,299,NOCODE,543,Information Technology,"UX, A/B testing",1000+,Publicly listed/traded enterprise (e.g. listed on a stock exchange),28,Female,Black,South Africa,South Africa,South Africa,English,Yes,Full-Time
669601a70b5f7fac68b2ab76,664b827d15dfea2ad4459dd3,APPROVED,Not Applicable,2024-07-16T05:14:15.021000Z,2024-07-16T05:37:10.035000Z,2024-07-23T12:58:52.687000Z,2024-07-16T05:37:10.864164Z,1376,NOCODE,31,Information Technology,Functional testing,1000+,Large private enterprise,27,Female,Asian,India,India,India,Telugu,No,Full-Time
669602bde9bbde7dd373e67f,663d500428aec231492cf104,APPROVED,Not Applicable,2024-07-16T05:18:58.527000Z,2024-07-16T05:25:10.264000Z,2024-07-23T13:13:13.580000Z,2024-07-16T05:25:20.644800Z,372,NOCODE,26,Information Technology,UI design,1000+,Large private enterprise,20,Female,White,United States,United States,United States,English,Yes,Part-Time
669602ea58bf1268de0a52b3,60e2f470553183d542620b02,APPROVED,Not Applicable,2024-07-16T05:19:38.374000Z,2024-07-16T05:32:00.625000Z,2024-07-25T09:55:14.474000Z,2024-07-16T05:32:44.093195Z,743,NOCODE,52,Information Technology,"UI design, UX, Background processing, Version control, Database management",1000+,Publicly listed/traded enterprise (e.g. listed on a stock exchange),29,Female,Black,South Africa,South Africa,South Africa,English,No,Full-Time
669605b38b4343c982928900,666ebf54db85a613d3c54d4b,APPROVED,Not Applicable,2024-07-16T05:31:35.908000Z,2024-07-16T05:42:10.753000Z,2024-07-23T17:22:49.015000Z,2024-07-16T05:43:11.176767Z,635,NOCODE,46,Information Technology,"Version control, Unit testing, Debugging, Web servers, Database management, Responsive design, UI design, A/B testing, UX",1000+,Large private enterprise,25,Female,Black,Nigeria,United Kingdom,Nigeria,English,No,Full-Time
66960d89b0ae9b1d115a6bc1,5dc1e5525fd203158d2a3343,APPROVED,Not Applicable,2024-07-16T06:04:57.940000Z,2024-07-16T06:12:44.747000Z,2024-07-23T14:30:34.743000Z,2024-07-16T06:12:45.827569Z,467,NOCODE,147,Information Technology,"Cloud computing, Background processing, Monitoring, Functional testing, Debugging, Web servers, Database management",1000+,Publicly listed/traded enterprise (e.g. listed on a stock exchange),26,Female,White,Spain,Spain,Spain,Spanish,No,Full-Time
66960f44f682cbdaaf841600,5e4db49d96e3c32079f64790,APPROVED,Not Applicable,2024-07-16T06:12:20.696000Z,2024-07-16T06:18:21.933000Z,2024-07-23T12:52:57.783000Z,2024-07-16T06:21:02.056996Z,362,NOCODE,2421,Information Technology,Functional testing,1000+,Large private enterprise,53,Female,White,United Kingdom,United Kingdom,United Kingdom,English,No,Full-Time
6696126f64e48e8aab59c8e8,6110f471f4e37e1cdb008c3d,APPROVED,Not Applicable,2024-07-16T06:26:02.563000Z,2024-07-16T06:30:14.645000Z,2024-07-23T12:44:59.181000Z,2024-07-16T06:32:35.825356Z,253,NOCODE,37,Information Technology,"Responsive design, UX, UI design",1000+,Publicly listed/traded enterprise (e.g. listed on a stock exchange),33,Female,White,Latvia,Latvia,Latvia,Latvian,No,Full-Time
669613211560ca97be7ade4b,668e996b667f5460c7517fa7,APPROVED,Not Applicable,2024-07-16T06:28:51.892000Z,2024-07-16T06:37:07.948000Z,2024-07-16T16:03:34.841000Z,2024-07-16T06:37:08.708952Z,497,NOCODE,9,Information Technology,"Functional testing, UI design, UX, A/B testing, Responsive design",1000+,Publicly listed/traded enterprise (e.g. listed on a stock exchange),33,Female,White,Poland,Poland,Poland,Polish,No,Full-Time
669615453a76c6b8c8c0ce26,6658d234fa019e8f175c83f7,APPROVED,Not Applicable,2024-07-16T06:38:01.173000Z,2024-07-16T06:45:20.742000Z,2024-07-23T14:00:22.888000Z,2024-07-16T06:45:21.360864Z,440,NOCODE,102,Information Technology,"UX, A/B testing, UI design",1000+,Large private enterprise,30,Female,Black,Nigeria,United Kingdom,Nigeria,English,No,Full-Time
669617a782a51237a54fa966,64e36198b3bcc5047ed2230f,APPROVED,Not Applicable,2024-07-16T06:48:07.118000Z,2024-07-16T07:04:23.402000Z,2024-07-25T09:55:00.776000Z,2024-07-16T07:07:00.735846Z,977,NOCODE,12,Information Technology,"UI design, Database management, Cloud computing",1000+,Publicly listed/traded enterprise (e.g. listed on a stock exchange),23,Female,Other,South Africa,South Africa,South Africa,English,No,Full-Time
66961fcc483db9994cadd82b,6650c5f044f987017d94ae3c,APPROVED,Not Applicable,2024-07-16T07:22:57.228000Z,2024-07-16T07:32:41.667000Z,2024-07-16T16:03:42.768000Z,2024-07-16T07:32:42.556552Z,585,NOCODE,20,Information Technology,"UI design, Responsive design, UX",1000+,Large private enterprise,28,Female,Asian,China,United Kingdom,China,Chinese,No,Full-Time
6696234828f6a0e5e88ef39c,6531838c199cacb5a12d04a2,APPROVED,Not Applicable,2024-07-16T07:37:44.847000Z,2024-07-16T07:46:05.825000Z,2024-07-16T16:03:50.946000Z,2024-07-16T07:47:04.499312Z,501,NOCODE,158,Information Technology,"Database management, Functional testing, Responsive design, UX",1000+,Large private enterprise,35,Female,White,Turkey,Netherlands,Turkey,Turkish,No,Full-Time
669623c69b61d47a55e24862,64d23e803ee1da9a01e52faa,APPROVED,Not Applicable,2024-07-16T07:39:56.564000Z,2024-07-16T07:57:12.267000Z,2024-07-25T09:55:03.300000Z,2024-07-16T07:57:13.483476Z,1036,NOCODE,210,Information Technology,"Debugging, Unit testing, Database management",1000+,Large private enterprise,25,Female,Black,South Africa,South Africa,South Africa,English,No,Full-Time
669656300eacb48d6fd13547,6300b0ae1752219b65e3dbae,APPROVED,Not Applicable,2024-07-16T11:15:02.554000Z,2024-07-16T11:46:05.342000Z,2024-07-25T09:55:01.853000Z,2024-07-16T11:46:05.980794Z,1863,NOCODE,192,Information Technology,"Debugging, Monitoring",1000+,Publicly listed/traded enterprise (e.g. listed on a stock exchange),29,Female,Other,Spain,United Kingdom,Spain,Spanish,No,Full-Time
66965674038ec06e8729b72c,6165e1b03616b6331cc98b8a,APPROVED,Not Applicable,2024-07-16T11:16:08.610000Z,2024-07-16T11:23:07.502000Z,2024-07-16T16:03:56.400000Z,2024-07-16T11:23:08.131176Z,419,NOCODE,227,Information Technology,"Shell scripting, Monitoring, Database management",1000+,Large private enterprise,36,Female,White,Poland,Poland,Poland,Polish,No,Full-Time
6696573217fa17b0ffc8d68d,60d33b6571caa14347a61558,APPROVED,Not Applicable,2024-07-16T11:19:26.275000Z,2024-07-16T11:32:32.225000Z,2024-07-16T16:04:08.863000Z,2024-07-16T11:32:32.908877Z,786,C15ROWVV,198,Information Technology,Don't know/Rather not say,1000+,Publicly listed/traded enterprise (e.g. listed on a stock exchange),22,Male,White,Portugal,Portugal,Portugal,Portuguese,Yes,Due to start a new job within the next month
669657bc57884125972ecd24,664476385020efcd969a416b,APPROVED,Not Applicable,2024-07-16T11:21:40.445000Z,2024-07-16T11:26:49.804000Z,2024-07-23T12:50:10.252000Z,2024-07-16T11:26:50.603600Z,310,NOCODE,40,Information Technology,"Background processing, Monitoring, Functional testing, Database management, UI design, A/B testing, UX, Responsive design, Web servers",1000+,Large private enterprise,26,Female,Asian,Turkey,Germany,Turkey,Turkish,Yes,Part-Time
669658638fc804ce0dfdd576,65e88b90dab3fd372464637e,APPROVED,Not Applicable,2024-07-16T11:24:22.724000Z,2024-07-16T11:31:37.391000Z,2024-07-23T14:29:13.817000Z,2024-07-16T11:31:38.020339Z,435,NOCODE,23,Information Technology,Functional testing,1000+,Large private enterprise,30,Male,White,Romania,Romania,Romania,Romanian,No,Full-Time
669658949c571fffa79dce6e,5a227930e473b80001baaa59,APPROVED,Not Applicable,2024-07-16T11:25:18.841000Z,2024-07-16T11:29:04.058000Z,2024-07-23T12:43:26.757000Z,2024-07-16T11:29:46.625442Z,226,NOCODE,392,Information Technology,Don't know/Rather not say,1000+,Large private enterprise,25,Male,White,Spain,Spain,Spain,Spanish,No,Full-Time
669658df7a0782ada040b1dc,64edad125aff55f439c7580a,APPROVED,Not Applicable,2024-07-16T11:26:27.616000Z,2024-07-16T11:33:29.925000Z,2024-07-25T09:55:02.499000Z,2024-07-16T11:33:30.557931Z,423,NOCODE,117,Information Technology,Functional testing,1000+,Large private enterprise,38,Male,White,Spain,Belgium,Spain,Spanish,No,Full-Time
669659333eeda22ecb4fcd51,60fc26024ee3d22b731bbf33,APPROVED,Not Applicable,2024-07-16T11:27:54.645000Z,2024-07-16T11:37:33.510000Z,2024-07-16T16:04:23.438000Z,2024-07-16T11:37:34.366462Z,579,NOCODE,662,Information Technology,Database management,1000+,Publicly listed/traded enterprise (e.g. listed on a stock exchange),29,Male,Mixed,India,South Africa,United Kingdom,English,No,Full-Time
669659441eef7a3335f25533,6576151e5e75311b432c3b96,APPROVED,Not Applicable,2024-07-16T11:28:10.498000Z,2024-07-16T11:33:12.506000Z,2024-07-23T13:10:50.944000Z,2024-07-16T11:33:13.153751Z,303,NOCODE,165,Information Technology,"Shell scripting, Cloud computing, Version control, Background processing",1000+,Large private enterprise,34,Male,White,Spain,Spain,Spain,Spanish,No,Full-Time
66965a421af3fc682fdfb243,61517957a9ccf240eb5e5231,APPROVED,Not Applicable,2024-07-16T11:32:21.961000Z,2024-07-16T11:37:38.933000Z,2024-07-23T12:51:07.775000Z,2024-07-16T11:37:39.611383Z,317,NOCODE,1086,Information Technology,Cloud computing,1000+,Large private enterprise,36,Male,White,United Kingdom,United Kingdom,United Kingdom,English,DATA_EXPIRED,DATA_EXPIRED
66965ad3f48e846a132e9a6b,6638a9fb0e17846cb62e34f5,APPROVED,Not Applicable,2024-07-16T11:35:26.504000Z,2024-07-16T11:43:31.963000Z,2024-07-23T12:36:44.911000Z,2024-07-16T11:43:44.906934Z,486,NOCODE,56,Information Technology,Virtualisation,1000+,Large private enterprise,46,Male,Asian,India,India,India,English,No,Full-Time
66965b01eeeb89c824a349fd,66800729e03d890f8b871212,APPROVED,Not Applicable,2024-07-16T11:35:33.336000Z,2024-07-16T11:40:24.103000Z,2024-07-23T12:48:26.401000Z,2024-07-16T11:40:24.802576Z,291,NOCODE,12,Information Technology,"Cloud computing, Shell scripting, Background processing, Search technologies, Monitoring, caching, Version control, Virtualisation, Debugging, Functional testing, Unit testing, Web servers, Database management, Responsive design, UI design, A/B testing, UX",1000+,Large private enterprise,24,Male,Asian,United Kingdom,United Kingdom,United Kingdom,English,No,Full-Time
66965bbb2af12214e44e6702,6150a4dc9d5442b6095180bf,APPROVED,Not Applicable,2024-07-16T11:38:44.626000Z,2024-07-16T11:48:58.353000Z,2024-07-23T13:56:48.528000Z,2024-07-16T11:48:58.885286Z,614,NOCODE,70,Information Technology,"Database management, Search technologies",1000+,Publicly listed/traded enterprise (e.g. listed on a stock exchange),29,Male,Mixed,South Africa,South Africa,South Africa,English,No,Unemployed (and job seeking)
66965c74843931372284b9de,5789972670c76a00012433b3,APPROVED,Not Applicable,2024-07-16T11:41:44.339000Z,2024-07-16T12:02:38.500000Z,2024-07-16T16:04:43.505000Z,2024-07-16T12:02:39.359991Z,1255,NOCODE,1810,Information Technology,"Web servers, Virtualisation, Search technologies",1000+,Large private enterprise,43,Female,White,Spain,Spain,Spain,Spanish,No,Full-Time
66965cbb88be7952e69aeb82,64a288758b7c82ff2d18da75,APPROVED,Not Applicable,2024-07-16T11:42:55.806000Z,2024-07-16T11:48:02.034000Z,2024-07-23T12:50:00.397000Z,2024-07-16T11:48:03.369857Z,307,NOCODE,155,Information Technology,Don't know/Rather not say,1000+,Large private enterprise,26,Male,White,France,France,France,French,No,Full-Time
66965f286d383b6d68ce2c1c,659ea323948969bfdb0afa60,APPROVED,Not Applicable,2024-07-16T11:53:16.801000Z,2024-07-16T12:00:00.703000Z,2024-07-25T09:55:04.102000Z,2024-07-16T12:00:01.379514Z,404,659ea323948969bfdb0afa60,131,Information Technology,"Debugging, Search technologies",1000+,Publicly listed/traded enterprise (e.g. listed on a stock exchange),27,Female,Mixed,Tunisia,France,Tunisia,Arabic,DATA_EXPIRED,DATA_EXPIRED
6696631401dbd5ad2efda14e,650da1f8da362d01a1308d33,APPROVED,Not Applicable,2024-07-16T12:10:01.708000Z,2024-07-16T12:23:23.991000Z,2024-07-16T16:04:54.236000Z,2024-07-16T12:23:26.019440Z,803,NOCODE,99,Information Technology,"Debugging, Functional testing, Unit testing",1000+,Publicly listed/traded enterprise (e.g. listed on a stock exchange),27,Female,Other,Tunisia,France,Tunisia,Arabic,No,Full-Time
6696645b100583380eba39e3,65f32f0ca80d37d211c12340,APPROVED,Not Applicable,2024-07-16T12:15:29.855000Z,2024-07-16T12:29:23.294000Z,2024-07-23T17:22:08.793000Z,2024-07-16T12:31:21.028197Z,834,NOCODE,65,Information Technology,"Version control, Debugging, Functional testing, UI design, UX, Web servers",1000+,Large private enterprise,30,Male,Asian,India,India,India,Hindi,No,Full-Time
669664685536cfa663158d09,60f0bec2877bd89c52cf40ad,APPROVED,Not Applicable,2024-07-16T12:15:36.854000Z,2024-07-16T12:24:12.070000Z,2024-07-16T16:05:00.332000Z,2024-07-16T12:24:12.957907Z,516,NOCODE,304,Information Technology,"Database management, UI design",1000+,Publicly listed/traded enterprise (e.g. listed on a stock exchange),24,Female,Black,South Africa,South Africa,South Africa,English,No,Full-Time
669668738fa953feb1b314e9,66674f3ee0e08df213c60298,APPROVED,Not Applicable,2024-07-16T12:33:30.237000Z,2024-07-16T12:37:52.624000Z,2024-07-23T12:46:42.075000Z,2024-07-16T12:37:53.280994Z,263,NOCODE,32,Information Technology,Don't know/Rather not say,1000+,Publicly listed/traded enterprise (e.g. listed on a stock exchange),27,Male,Asian,Pakistan,United Kingdom,Pakistan,Pashto,Yes,Full-Time
6696689e345c15f263861dd1,65d163de26db5a1be73e35d5,APPROVED,Not Applicable,2024-07-16T12:33:57.550000Z,2024-07-16T12:45:09.115000Z,2024-07-24T13:25:58.125000Z,2024-07-23T17:26:06.202460Z,672,NOCODE,134,CONSENT_REVOKED,CONSENT_REVOKED,CONSENT_REVOKED,CONSENT_REVOKED,CONSENT_REVOKED,CONSENT_REVOKED,CONSENT_REVOKED,CONSENT_REVOKED,CONSENT_REVOKED,CONSENT_REVOKED,CONSENT_REVOKED,CONSENT_REVOKED,CONSENT_REVOKED
66966dc68538c65d5c47aa98,573a8aca67421f000f191c52,APPROVED,Not Applicable,2024-07-16T13:04:53.634000Z,2024-07-16T13:24:24.536000Z,2024-07-23T12:29:53.549000Z,2024-07-16T13:24:25.456933Z,1171,NOCODE,5015,Information Technology,Database management,1000+,Publicly listed/traded enterprise (e.g. listed on a stock exchange),45,Female,Mixed,Philippines,United States,United States,Tagalog-Filipino,No,Full-Time
66969af3cff9d01c04237f4b,65522f24f09594d4953b0a38,APPROVED,Not Applicable,2024-07-16T16:08:23.694000Z,2024-07-16T16:13:29.563000Z,2024-07-23T13:46:33.762000Z,2024-07-16T16:13:30.679837Z,306,NOCODE,268,Information Technology,"Cloud computing, Shell scripting, Background processing, Search technologies, Version control, Functional testing, Debugging, Unit testing, Database management, UI design",1000+,Publicly listed/traded enterprise (e.g. listed on a stock exchange),34,Female,Asian,India,United Kingdom,India,English,No,DATA_EXPIRED
66958bd866bee0078c3c0b53,66572845c8abf37962632b4a,REJECTED,Not Applicable,2024-07-15T20:51:41.130000Z,2024-07-15T20:54:46.632000Z,2024-07-23T14:51:20.190000Z,2024-07-23T17:26:05.212523Z,186,NOCODE,28,CONSENT_REVOKED,CONSENT_REVOKED,CONSENT_REVOKED,CONSENT_REVOKED,CONSENT_REVOKED,CONSENT_REVOKED,CONSENT_REVOKED,CONSENT_REVOKED,CONSENT_REVOKED,CONSENT_REVOKED,CONSENT_REVOKED,CONSENT_REVOKED,CONSENT_REVOKED
66958ca709c24c547e33fa42,5c360a5f274fee0001edbec9,REJECTED,Not Applicable,2024-07-15T20:55:03.682000Z,2024-07-15T20:58:02.968000Z,2024-07-23T13:08:12.519000Z,2024-07-23T17:26:05.218308Z,180,NOCODE,585,CONSENT_REVOKED,CONSENT_REVOKED,CONSENT_REVOKED,CONSENT_REVOKED,CONSENT_REVOKED,CONSENT_REVOKED,CONSENT_REVOKED,CONSENT_REVOKED,CONSENT_REVOKED,CONSENT_REVOKED,CONSENT_REVOKED,CONSENT_REVOKED,CONSENT_REVOKED
66958d2cd79b6a3e9c70bd68,663cd25532da191e05406f2f,REJECTED,Not Applicable,2024-07-15T20:57:32.923000Z,2024-07-15T21:04:20.345000Z,2024-07-16T10:37:04.443000Z,2024-07-23T17:26:05.220925Z,408,NOCODE,88,CONSENT_REVOKED,CONSENT_REVOKED,CONSENT_REVOKED,CONSENT_REVOKED,CONSENT_REVOKED,CONSENT_REVOKED,CONSENT_REVOKED,CONSENT_REVOKED,CONSENT_REVOKED,CONSENT_REVOKED,CONSENT_REVOKED,CONSENT_REVOKED,CONSENT_REVOKED
66958dd6cfb1e368de6987a4,5af4579eb625f70001e0cfad,REJECTED,Not Applicable,2024-07-15T21:00:10.796000Z,2024-07-15T21:03:12.881000Z,2024-07-16T10:36:47.036000Z,2024-07-23T17:26:05.255682Z,183,NOCODE,2927,CONSENT_REVOKED,CONSENT_REVOKED,CONSENT_REVOKED,CONSENT_REVOKED,CONSENT_REVOKED,CONSENT_REVOKED,CONSENT_REVOKED,CONSENT_REVOKED,CONSENT_REVOKED,CONSENT_REVOKED,CONSENT_REVOKED,CONSENT_REVOKED,CONSENT_REVOKED
66958e5c2107460629ed06a5,6659ca1af606e5486457f721,REJECTED,Not Applicable,2024-07-15T21:02:25.593000Z,2024-07-15T21:05:34.848000Z,2024-07-23T14:51:26.821000Z,2024-07-23T17:26:05.297069Z,190,NOCODE,32,CONSENT_REVOKED,CONSENT_REVOKED,CONSENT_REVOKED,CONSENT_REVOKED,CONSENT_REVOKED,CONSENT_REVOKED,CONSENT_REVOKED,CONSENT_REVOKED,CONSENT_REVOKED,CONSENT_REVOKED,CONSENT_REVOKED,CONSENT_REVOKED,CONSENT_REVOKED
66958fe33e3dfcf11257e3ef,663fadf96202298784d3711a,REJECTED,Not Applicable,2024-07-15T21:08:58.934000Z,2024-07-15T21:16:39.685000Z,2024-07-16T10:38:43.203000Z,2024-07-23T17:26:05.304452Z,461,NOCODE,44,CONSENT_REVOKED,CONSENT_REVOKED,CONSENT_REVOKED,CONSENT_REVOKED,CONSENT_REVOKED,CONSENT_REVOKED,CONSENT_REVOKED,CONSENT_REVOKED,CONSENT_REVOKED,CONSENT_REVOKED,CONSENT_REVOKED,CONSENT_REVOKED,CONSENT_REVOKED
6695929c2f0d5758ec394906,6659f7c5e85a817ce1efbc2e,REJECTED,Not Applicable,2024-07-15T21:20:53.926000Z,2024-07-15T21:28:39.177000Z,2024-07-16T10:38:54.732000Z,2024-07-23T17:26:05.391596Z,466,NOCODE,47,CONSENT_REVOKED,CONSENT_REVOKED,CONSENT_REVOKED,CONSENT_REVOKED,CONSENT_REVOKED,CONSENT_REVOKED,CONSENT_REVOKED,CONSENT_REVOKED,CONSENT_REVOKED,CONSENT_REVOKED,CONSENT_REVOKED,CONSENT_REVOKED,CONSENT_REVOKED
66959409f682cbdaaf83fb18,6683436af283042867ffc6de,REJECTED,Not Applicable,2024-07-15T21:26:37.664000Z,2024-07-15T21:29:28.354000Z,2024-07-23T13:08:06.452000Z,2024-07-23T17:26:05.422169Z,171,NOCODE,86,CONSENT_REVOKED,CONSENT_REVOKED,CONSENT_REVOKED,CONSENT_REVOKED,CONSENT_REVOKED,CONSENT_REVOKED,CONSENT_REVOKED,CONSENT_REVOKED,CONSENT_REVOKED,CONSENT_REVOKED,CONSENT_REVOKED,CONSENT_REVOKED,CONSENT_REVOKED
6695972b276e6cf6b030a973,63468dd619d9b90d5b8b76c9,REJECTED,Not Applicable,2024-07-15T21:40:17.565000Z,2024-07-15T21:43:36.161000Z,2024-07-23T12:42:42.449000Z,2024-07-23T17:26:05.503969Z,199,NOCODE,937,CONSENT_REVOKED,CONSENT_REVOKED,CONSENT_REVOKED,CONSENT_REVOKED,CONSENT_REVOKED,CONSENT_REVOKED,CONSENT_REVOKED,CONSENT_REVOKED,CONSENT_REVOKED,CONSENT_REVOKED,CONSENT_REVOKED,CONSENT_REVOKED,CONSENT_REVOKED
6695989055a7b407bb0d2ada,63e15b06ee71973b82297a4c,REJECTED,Not Applicable,2024-07-15T21:45:56.909000Z,2024-07-15T21:49:07.957000Z,2024-07-23T14:51:32.495000Z,2024-07-23T17:26:05.567949Z,192,NOCODE,1056,CONSENT_REVOKED,CONSENT_REVOKED,CONSENT_REVOKED,CONSENT_REVOKED,CONSENT_REVOKED,CONSENT_REVOKED,CONSENT_REVOKED,CONSENT_REVOKED,CONSENT_REVOKED,CONSENT_REVOKED,CONSENT_REVOKED,CONSENT_REVOKED,CONSENT_REVOKED
669599a3a47c39f91d2b43d2,609072c8e6d0259956260224,REJECTED,Not Applicable,2024-07-15T21:50:34.990000Z,2024-07-15T21:53:48.229000Z,2024-07-23T14:51:42.991000Z,2024-07-23T17:26:05.594257Z,194,NOCODE,246,CONSENT_REVOKED,CONSENT_REVOKED,CONSENT_REVOKED,CONSENT_REVOKED,CONSENT_REVOKED,CONSENT_REVOKED,CONSENT_REVOKED,CONSENT_REVOKED,CONSENT_REVOKED,CONSENT_REVOKED,CONSENT_REVOKED,CONSENT_REVOKED,CONSENT_REVOKED
6695a246ad72eaf648e3124a,6647deff67db393d4e5afe14,REJECTED,Not Applicable,2024-07-15T22:27:23.300000Z,2024-07-15T22:29:09.659000Z,2024-07-23T13:07:50.203000Z,2024-07-23T17:26:05.701832Z,107,NOCODE,115,CONSENT_REVOKED,CONSENT_REVOKED,CONSENT_REVOKED,CONSENT_REVOKED,CONSENT_REVOKED,CONSENT_REVOKED,CONSENT_REVOKED,CONSENT_REVOKED,CONSENT_REVOKED,CONSENT_REVOKED,CONSENT_REVOKED,CONSENT_REVOKED,CONSENT_REVOKED
6695a2edb2b36fda4a33feee,566bdeb3beaf21001240085a,REJECTED,Not Applicable,2024-07-15T22:30:18.770000Z,2024-07-15T22:35:06.549000Z,2024-07-16T10:40:26.589000Z,2024-07-23T17:26:05.721649Z,288,NOCODE,584,CONSENT_REVOKED,CONSENT_REVOKED,CONSENT_REVOKED,CONSENT_REVOKED,CONSENT_REVOKED,CONSENT_REVOKED,CONSENT_REVOKED,CONSENT_REVOKED,CONSENT_REVOKED,CONSENT_REVOKED,CONSENT_REVOKED,CONSENT_REVOKED,CONSENT_REVOKED
6695a38111114fdb8557a299,60723c224e9193e5d5fe5712,REJECTED,Not Applicable,2024-07-15T22:32:36.508000Z,2024-07-15T22:35:36.805000Z,2024-07-23T13:25:36.475000Z,2024-07-23T17:26:05.730198Z,181,NOCODE,1771,CONSENT_REVOKED,CONSENT_REVOKED,CONSENT_REVOKED,CONSENT_REVOKED,CONSENT_REVOKED,CONSENT_REVOKED,CONSENT_REVOKED,CONSENT_REVOKED,CONSENT_REVOKED,CONSENT_REVOKED,CONSENT_REVOKED,CONSENT_REVOKED,CONSENT_REVOKED
6695a9816635187639c26fc8,5b5e3c082c2a4e0001326920,REJECTED,Not Applicable,2024-07-15T22:58:22.167000Z,2024-07-15T23:01:40.619000Z,2024-07-23T12:42:33.011000Z,2024-07-23T17:26:05.761113Z,199,NOCODE,461,CONSENT_REVOKED,CONSENT_REVOKED,CONSENT_REVOKED,CONSENT_REVOKED,CONSENT_REVOKED,CONSENT_REVOKED,CONSENT_REVOKED,CONSENT_REVOKED,CONSENT_REVOKED,CONSENT_REVOKED,CONSENT_REVOKED,CONSENT_REVOKED,CONSENT_REVOKED
6695ac1f6e290685e0f406a4,5cb60da9b79eec00134043bc,REJECTED,Not Applicable,2024-07-15T23:09:22.804000Z,2024-07-15T23:13:03.679000Z,2024-07-16T10:40:39.862000Z,2024-07-23T17:26:05.786823Z,221,NOCODE,1268,CONSENT_REVOKED,CONSENT_REVOKED,CONSENT_REVOKED,CONSENT_REVOKED,CONSENT_REVOKED,CONSENT_REVOKED,CONSENT_REVOKED,CONSENT_REVOKED,CONSENT_REVOKED,CONSENT_REVOKED,CONSENT_REVOKED,CONSENT_REVOKED,CONSENT_REVOKED
6696230cae310d15d7b4ec45,5f4275b5981d7745acd1f912,REJECTED,Not Applicable,2024-07-16T07:36:47.858000Z,2024-07-16T07:40:00.839000Z,2024-07-23T14:51:38.282000Z,2024-07-23T17:26:06.110046Z,193,NOCODE,1111,CONSENT_REVOKED,CONSENT_REVOKED,CONSENT_REVOKED,CONSENT_REVOKED,CONSENT_REVOKED,CONSENT_REVOKED,CONSENT_REVOKED,CONSENT_REVOKED,CONSENT_REVOKED,CONSENT_REVOKED,CONSENT_REVOKED,CONSENT_REVOKED,CONSENT_REVOKED
669655b84bcfb648e3746536,611e5ed10d7a62ceb0f1a619,REJECTED,Not Applicable,2024-07-16T11:13:00.828000Z,2024-07-16T11:22:40.630000Z,2024-07-16T15:35:22.363000Z,2024-07-23T17:26:06.116224Z,580,NOCODE,400,CONSENT_REVOKED,CONSENT_REVOKED,CONSENT_REVOKED,CONSENT_REVOKED,CONSENT_REVOKED,CONSENT_REVOKED,CONSENT_REVOKED,CONSENT_REVOKED,CONSENT_REVOKED,CONSENT_REVOKED,CONSENT_REVOKED,CONSENT_REVOKED,CONSENT_REVOKED
669657814a080917dfc8d66d,667ad3fd5c2b0b8d3530e83f,REJECTED,Not Applicable,2024-07-16T11:20:43.925000Z,2024-07-16T11:34:19.372000Z,2024-07-23T12:32:59.432000Z,2024-07-23T17:26:06.135373Z,816,667ad3fd5c2b0b8d3530e83f,5,CONSENT_REVOKED,CONSENT_REVOKED,CONSENT_REVOKED,CONSENT_REVOKED,CONSENT_REVOKED,CONSENT_REVOKED,CONSENT_REVOKED,CONSENT_REVOKED,CONSENT_REVOKED,CONSENT_REVOKED,CONSENT_REVOKED,CONSENT_REVOKED,CONSENT_REVOKED
669585bc2f3a51a2be63c55c,5f9596b90d459d406163a767,RETURNED,Not Applicable,2024-07-15T20:25:32.691000Z,,,2024-07-23T17:26:05.130491Z,,,283,CONSENT_REVOKED,CONSENT_REVOKED,CONSENT_REVOKED,CONSENT_REVOKED,CONSENT_REVOKED,CONSENT_REVOKED,CONSENT_REVOKED,CONSENT_REVOKED,CONSENT_REVOKED,CONSENT_REVOKED,CONSENT_REVOKED,CONSENT_REVOKED,CONSENT_REVOKED
669585d36e290685e0f3ff0c,5c8e983f4bf1a6001282e3c0,RETURNED,Not Applicable,2024-07-15T20:26:07.552000Z,,,2024-07-23T17:26:05.138014Z,,,324,CONSENT_REVOKED,CONSENT_REVOKED,CONSENT_REVOKED,CONSENT_REVOKED,CONSENT_REVOKED,CONSENT_REVOKED,CONSENT_REVOKED,CONSENT_REVOKED,CONSENT_REVOKED,CONSENT_REVOKED,CONSENT_REVOKED,CONSENT_REVOKED,CONSENT_REVOKED
66958b5094dcd4ffd3979834,66311bae532a469f4858933e,RETURNED,Not Applicable,2024-07-15T20:57:01.444000Z,,,2024-07-23T17:26:05.166992Z,,,70,CONSENT_REVOKED,CONSENT_REVOKED,CONSENT_REVOKED,CONSENT_REVOKED,CONSENT_REVOKED,CONSENT_REVOKED,CONSENT_REVOKED,CONSENT_REVOKED,CONSENT_REVOKED,CONSENT_REVOKED,CONSENT_REVOKED,CONSENT_REVOKED,CONSENT_REVOKED
66958b5df5f3331e4f029ef7,66788d840fa35d342115f963,RETURNED,Not Applicable,2024-07-15T20:49:38.466000Z,,,2024-07-23T17:26:05.169474Z,,,29,CONSENT_REVOKED,CONSENT_REVOKED,CONSENT_REVOKED,CONSENT_REVOKED,CONSENT_REVOKED,CONSENT_REVOKED,CONSENT_REVOKED,CONSENT_REVOKED,CONSENT_REVOKED,CONSENT_REVOKED,CONSENT_REVOKED,CONSENT_REVOKED,CONSENT_REVOKED
66958b71b2b36fda4a33fa8c,5cc2510cc81349000161f019,RETURNED,Not Applicable,2024-07-15T20:49:57.062000Z,,,2024-07-23T17:26:05.178009Z,,,495,CONSENT_REVOKED,CONSENT_REVOKED,CONSENT_REVOKED,CONSENT_REVOKED,CONSENT_REVOKED,CONSENT_REVOKED,CONSENT_REVOKED,CONSENT_REVOKED,CONSENT_REVOKED,CONSENT_REVOKED,CONSENT_REVOKED,CONSENT_REVOKED,CONSENT_REVOKED
66958b8a55a7b407bb0d2821,60d1ad57fb10e23b2157d23a,RETURNED,Not Applicable,2024-07-15T20:50:24.713000Z,,,2024-07-23T17:26:05.191398Z,,,540,CONSENT_REVOKED,CONSENT_REVOKED,CONSENT_REVOKED,CONSENT_REVOKED,CONSENT_REVOKED,CONSENT_REVOKED,CONSENT_REVOKED,CONSENT_REVOKED,CONSENT_REVOKED,CONSENT_REVOKED,CONSENT_REVOKED,CONSENT_REVOKED,CONSENT_REVOKED
66958bafac30d26848240bf8,609959b59db017b59a4887ff,RETURNED,Not Applicable,2024-07-15T21:00:55.673000Z,,,2024-07-23T17:26:05.198622Z,,,689,CONSENT_REVOKED,CONSENT_REVOKED,CONSENT_REVOKED,CONSENT_REVOKED,CONSENT_REVOKED,CONSENT_REVOKED,CONSENT_REVOKED,CONSENT_REVOKED,CONSENT_REVOKED,CONSENT_REVOKED,CONSENT_REVOKED,CONSENT_REVOKED,CONSENT_REVOKED
66958c78184b04230c895609,5eeaaece96011c1cb0aefdc2,RETURNED,Not Applicable,2024-07-15T20:54:21.309000Z,2024-07-15T20:59:03.329000Z,,2024-07-23T17:26:05.211392Z,,NOCODE,181,CONSENT_REVOKED,CONSENT_REVOKED,CONSENT_REVOKED,CONSENT_REVOKED,CONSENT_REVOKED,CONSENT_REVOKED,CONSENT_REVOKED,CONSENT_REVOKED,CONSENT_REVOKED,CONSENT_REVOKED,CONSENT_REVOKED,CONSENT_REVOKED,CONSENT_REVOKED
66958da23e3dfcf11257e376,5f15f619399eaf744fe91aaa,RETURNED,Not Applicable,2024-07-15T21:04:27.307000Z,,,2024-07-23T17:26:05.237265Z,,,462,CONSENT_REVOKED,CONSENT_REVOKED,CONSENT_REVOKED,CONSENT_REVOKED,CONSENT_REVOKED,CONSENT_REVOKED,CONSENT_REVOKED,CONSENT_REVOKED,CONSENT_REVOKED,CONSENT_REVOKED,CONSENT_REVOKED,CONSENT_REVOKED,CONSENT_REVOKED
66958e1ebc357ec69cf13eee,5c6088630112a60001a2b1e7,RETURNED,Not Applicable,2024-07-15T21:01:22.835000Z,,,2024-07-23T17:26:05.257906Z,,,1190,CONSENT_REVOKED,CONSENT_REVOKED,CONSENT_REVOKED,CONSENT_REVOKED,CONSENT_REVOKED,CONSENT_REVOKED,CONSENT_REVOKED,CONSENT_REVOKED,CONSENT_REVOKED,CONSENT_REVOKED,CONSENT_REVOKED,CONSENT_REVOKED,CONSENT_REVOKED
66958e2528ad7f464832703e,65a826e609f0706ac5f33845,RETURNED,Not Applicable,2024-07-15T21:01:30.904000Z,,,2024-07-23T17:26:05.266321Z,,,93,CONSENT_REVOKED,CONSENT_REVOKED,CONSENT_REVOKED,CONSENT_REVOKED,CONSENT_REVOKED,CONSENT_REVOKED,CONSENT_REVOKED,CONSENT_REVOKED,CONSENT_REVOKED,CONSENT_REVOKED,CONSENT_REVOKED,CONSENT_REVOKED,CONSENT_REVOKED
66958e3e2c3012c06151215b,603741995a47315bf6a35ee0,RETURNED,Not Applicable,2024-07-15T21:01:55.303000Z,,,2024-07-23T17:26:05.278746Z,,,973,CONSENT_REVOKED,CONSENT_REVOKED,CONSENT_REVOKED,CONSENT_REVOKED,CONSENT_REVOKED,CONSENT_REVOKED,CONSENT_REVOKED,CONSENT_REVOKED,CONSENT_REVOKED,CONSENT_REVOKED,CONSENT_REVOKED,CONSENT_REVOKED,CONSENT_REVOKED
66958e58cb7c241f35dab895,668e86f1b4a4516ca23df5a5,RETURNED,Not Applicable,2024-07-15T21:02:22.153000Z,,,2024-07-23T17:26:05.292153Z,,,5,CONSENT_REVOKED,CONSENT_REVOKED,CONSENT_REVOKED,CONSENT_REVOKED,CONSENT_REVOKED,CONSENT_REVOKED,CONSENT_REVOKED,CONSENT_REVOKED,CONSENT_REVOKED,CONSENT_REVOKED,CONSENT_REVOKED,CONSENT_REVOKED,CONSENT_REVOKED
66959103a451736c96dab940,62a0de11fe1eb0f5e7a97389,RETURNED,Not Applicable,2024-07-15T21:13:47.836000Z,,,2024-07-23T17:26:05.328737Z,,,1442,CONSENT_REVOKED,CONSENT_REVOKED,CONSENT_REVOKED,CONSENT_REVOKED,CONSENT_REVOKED,CONSENT_REVOKED,CONSENT_REVOKED,CONSENT_REVOKED,CONSENT_REVOKED,CONSENT_REVOKED,CONSENT_REVOKED,CONSENT_REVOKED,CONSENT_REVOKED
669591963496e2d9ed79c97b,5d61f5b91dff48001a2210ee,RETURNED,Not Applicable,2024-07-15T21:16:10.594000Z,,,2024-07-23T17:26:05.339978Z,,,100,CONSENT_REVOKED,CONSENT_REVOKED,CONSENT_REVOKED,CONSENT_REVOKED,CONSENT_REVOKED,CONSENT_REVOKED,CONSENT_REVOKED,CONSENT_REVOKED,CONSENT_REVOKED,CONSENT_REVOKED,CONSENT_REVOKED,CONSENT_REVOKED,CONSENT_REVOKED
669591d9442931eea4326252,664deceed1f97a96830a2176,RETURNED,Not Applicable,2024-07-15T21:17:29.172000Z,,,2024-07-23T17:26:05.358497Z,,,42,CONSENT_REVOKED,CONSENT_REVOKED,CONSENT_REVOKED,CONSENT_REVOKED,CONSENT_REVOKED,CONSENT_REVOKED,CONSENT_REVOKED,CONSENT_REVOKED,CONSENT_REVOKED,CONSENT_REVOKED,CONSENT_REVOKED,CONSENT_REVOKED,CONSENT_REVOKED
669591e93abee4ef699f34a4,5aa23a2c35237b000112e1d9,RETURNED,Not Applicable,2024-07-15T21:17:35.205000Z,,,2024-07-23T17:26:05.363350Z,,,111,CONSENT_REVOKED,CONSENT_REVOKED,CONSENT_REVOKED,CONSENT_REVOKED,CONSENT_REVOKED,CONSENT_REVOKED,CONSENT_REVOKED,CONSENT_REVOKED,CONSENT_REVOKED,CONSENT_REVOKED,CONSENT_REVOKED,CONSENT_REVOKED,CONSENT_REVOKED
66959286edcf7fed8501942d,5d6d6412f570e000184cf48b,RETURNED,Not Applicable,2024-07-15T21:20:10.996000Z,,,2024-07-23T17:26:05.381542Z,,,3146,CONSENT_REVOKED,CONSENT_REVOKED,CONSENT_REVOKED,CONSENT_REVOKED,CONSENT_REVOKED,CONSENT_REVOKED,CONSENT_REVOKED,CONSENT_REVOKED,CONSENT_REVOKED,CONSENT_REVOKED,CONSENT_REVOKED,CONSENT_REVOKED,CONSENT_REVOKED
669592b7a0ad31e4d59287d0,58c62eac444ade00010231a9,RETURNED,Not Applicable,2024-07-15T21:20:55.822000Z,,,2024-07-23T17:26:05.395579Z,,,2180,CONSENT_REVOKED,CONSENT_REVOKED,CONSENT_REVOKED,CONSENT_REVOKED,CONSENT_REVOKED,CONSENT_REVOKED,CONSENT_REVOKED,CONSENT_REVOKED,CONSENT_REVOKED,CONSENT_REVOKED,CONSENT_REVOKED,CONSENT_REVOKED,CONSENT_REVOKED
669593d4db10661736245c60,66784423450edecb34a01d42,RETURNED,Not Applicable,2024-07-15T21:25:46.186000Z,,,2024-07-23T17:26:05.411966Z,,,56,CONSENT_REVOKED,CONSENT_REVOKED,CONSENT_REVOKED,CONSENT_REVOKED,CONSENT_REVOKED,CONSENT_REVOKED,CONSENT_REVOKED,CONSENT_REVOKED,CONSENT_REVOKED,CONSENT_REVOKED,CONSENT_REVOKED,CONSENT_REVOKED,CONSENT_REVOKED
66959452a0d256ecc3eeed54,5d96a61b5d0f1c00117201bd,RETURNED,Not Applicable,2024-07-15T21:27:46.917000Z,,,2024-07-23T17:26:05.438870Z,,,1225,CONSENT_REVOKED,CONSENT_REVOKED,CONSENT_REVOKED,CONSENT_REVOKED,CONSENT_REVOKED,CONSENT_REVOKED,CONSENT_REVOKED,CONSENT_REVOKED,CONSENT_REVOKED,CONSENT_REVOKED,CONSENT_REVOKED,CONSENT_REVOKED,CONSENT_REVOKED
669594968cd48dcc86d3e4bc,5e82288d93f92105424b8301,RETURNED,Not Applicable,2024-07-15T21:29:01.812000Z,,,2024-07-23T17:26:05.449307Z,,,485,CONSENT_REVOKED,CONSENT_REVOKED,CONSENT_REVOKED,CONSENT_REVOKED,CONSENT_REVOKED,CONSENT_REVOKED,CONSENT_REVOKED,CONSENT_REVOKED,CONSENT_REVOKED,CONSENT_REVOKED,CONSENT_REVOKED,CONSENT_REVOKED,CONSENT_REVOKED
669594b88168083502179dae,6415e163b670eed64ad645ff,RETURNED,Not Applicable,2024-07-15T21:30:08.140000Z,,,2024-07-23T17:26:05.463766Z,,,1132,CONSENT_REVOKED,CONSENT_REVOKED,CONSENT_REVOKED,CONSENT_REVOKED,CONSENT_REVOKED,CONSENT_REVOKED,CONSENT_REVOKED,CONSENT_REVOKED,CONSENT_REVOKED,CONSENT_REVOKED,CONSENT_REVOKED,CONSENT_REVOKED,CONSENT_REVOKED
669595082cdee88b32e253e8,64dd27e89ef24c0b30506762,RETURNED,Not Applicable,2024-07-15T21:30:56.748000Z,,,2024-07-23T17:26:05.467519Z,,,221,CONSENT_REVOKED,CONSENT_REVOKED,CONSENT_REVOKED,CONSENT_REVOKED,CONSENT_REVOKED,CONSENT_REVOKED,CONSENT_REVOKED,CONSENT_REVOKED,CONSENT_REVOKED,CONSENT_REVOKED,CONSENT_REVOKED,CONSENT_REVOKED,CONSENT_REVOKED
6695954d2419befab8a64935,5c1a85dcc8a84e0001a84370,RETURNED,Not Applicable,2024-07-15T21:32:04.503000Z,,,2024-07-23T17:26:05.485049Z,,,3636,CONSENT_REVOKED,CONSENT_REVOKED,CONSENT_REVOKED,CONSENT_REVOKED,CONSENT_REVOKED,CONSENT_REVOKED,CONSENT_REVOKED,CONSENT_REVOKED,CONSENT_REVOKED,CONSENT_REVOKED,CONSENT_REVOKED,CONSENT_REVOKED,CONSENT_REVOKED
6695957db9d849fe9c179de4,5f19dc86afa07c0894f60578,RETURNED,Not Applicable,2024-07-15T21:32:45.094000Z,,,2024-07-23T17:26:05.487438Z,,,607,CONSENT_REVOKED,CONSENT_REVOKED,CONSENT_REVOKED,CONSENT_REVOKED,CONSENT_REVOKED,CONSENT_REVOKED,CONSENT_REVOKED,CONSENT_REVOKED,CONSENT_REVOKED,CONSENT_REVOKED,CONSENT_REVOKED,CONSENT_REVOKED,CONSENT_REVOKED
669596722cdee88b32e25422,64ad27b64d3188d91a83ca3e,RETURNED,Not Applicable,2024-07-15T21:36:56.551000Z,,,2024-07-23T17:26:05.495133Z,,,83,CONSENT_REVOKED,CONSENT_REVOKED,CONSENT_REVOKED,CONSENT_REVOKED,CONSENT_REVOKED,CONSENT_REVOKED,CONSENT_REVOKED,CONSENT_REVOKED,CONSENT_REVOKED,CONSENT_REVOKED,CONSENT_REVOKED,CONSENT_REVOKED,CONSENT_REVOKED
669596735f757e3fe7c219e9,64d6c42e2328deb02a2fedb9,RETURNED,Not Applicable,2024-07-15T21:37:32.046000Z,,,2024-07-23T17:26:05.496353Z,,,1561,CONSENT_REVOKED,CONSENT_REVOKED,CONSENT_REVOKED,CONSENT_REVOKED,CONSENT_REVOKED,CONSENT_REVOKED,CONSENT_REVOKED,CONSENT_REVOKED,CONSENT_REVOKED,CONSENT_REVOKED,CONSENT_REVOKED,CONSENT_REVOKED,CONSENT_REVOKED
6695968c77fd265331615057,65ba822477de264745598704,RETURNED,Not Applicable,2024-07-15T21:37:25.015000Z,,,2024-07-23T17:26:05.504831Z,,,120,CONSENT_REVOKED,CONSENT_REVOKED,CONSENT_REVOKED,CONSENT_REVOKED,CONSENT_REVOKED,CONSENT_REVOKED,CONSENT_REVOKED,CONSENT_REVOKED,CONSENT_REVOKED,CONSENT_REVOKED,CONSENT_REVOKED,CONSENT_REVOKED,CONSENT_REVOKED
669597b3430c658512e3a307,5e8a69c836bc63718a82cb90,RETURNED,Not Applicable,2024-07-15T21:42:17.901000Z,,,2024-07-23T17:26:05.522397Z,,,1736,CONSENT_REVOKED,CONSENT_REVOKED,CONSENT_REVOKED,CONSENT_REVOKED,CONSENT_REVOKED,CONSENT_REVOKED,CONSENT_REVOKED,CONSENT_REVOKED,CONSENT_REVOKED,CONSENT_REVOKED,CONSENT_REVOKED,CONSENT_REVOKED,CONSENT_REVOKED
669598030f8d256c9133c6e6,62e0b085af78cf65fe501953,RETURNED,Not Applicable,2024-07-15T21:44:04.158000Z,,,2024-07-23T17:26:05.531626Z,,,3523,CONSENT_REVOKED,CONSENT_REVOKED,CONSENT_REVOKED,CONSENT_REVOKED,CONSENT_REVOKED,CONSENT_REVOKED,CONSENT_REVOKED,CONSENT_REVOKED,CONSENT_REVOKED,CONSENT_REVOKED,CONSENT_REVOKED,CONSENT_REVOKED,CONSENT_REVOKED
6695983182fd54349473cf62,5e8ef2059eeb7a1af7502f3c,RETURNED,Not Applicable,2024-07-15T21:44:21.295000Z,,,2024-07-23T17:26:05.541207Z,,,730,CONSENT_REVOKED,CONSENT_REVOKED,CONSENT_REVOKED,CONSENT_REVOKED,CONSENT_REVOKED,CONSENT_REVOKED,CONSENT_REVOKED,CONSENT_REVOKED,CONSENT_REVOKED,CONSENT_REVOKED,CONSENT_REVOKED,CONSENT_REVOKED,CONSENT_REVOKED
66959886311598b266598330,656e0e94f8ac1b53b1373bae,RETURNED,Not Applicable,2024-07-15T21:46:05.322000Z,,,2024-07-23T17:26:05.547460Z,,,80,CONSENT_REVOKED,CONSENT_REVOKED,CONSENT_REVOKED,CONSENT_REVOKED,CONSENT_REVOKED,CONSENT_REVOKED,CONSENT_REVOKED,CONSENT_REVOKED,CONSENT_REVOKED,CONSENT_REVOKED,CONSENT_REVOKED,CONSENT_REVOKED,CONSENT_REVOKED
6695989bfc7fb5d8e96b9988,63112d166c18ea59f6b05400,RETURNED,Not Applicable,2024-07-15T21:46:11.197000Z,,,2024-07-23T17:26:05.573408Z,,,1563,CONSENT_REVOKED,CONSENT_REVOKED,CONSENT_REVOKED,CONSENT_REVOKED,CONSENT_REVOKED,CONSENT_REVOKED,CONSENT_REVOKED,CONSENT_REVOKED,CONSENT_REVOKED,CONSENT_REVOKED,CONSENT_REVOKED,CONSENT_REVOKED,CONSENT_REVOKED
669598d51338923e84326ace,66073c6a0536e34fc19a8ee2,RETURNED,Not Applicable,2024-07-15T21:47:10.054000Z,,,2024-07-23T17:26:05.597633Z,,,19,CONSENT_REVOKED,CONSENT_REVOKED,CONSENT_REVOKED,CONSENT_REVOKED,CONSENT_REVOKED,CONSENT_REVOKED,CONSENT_REVOKED,CONSENT_REVOKED,CONSENT_REVOKED,CONSENT_REVOKED,CONSENT_REVOKED,CONSENT_REVOKED,CONSENT_REVOKED
669599809c791fb6cd121576,5d0ac7504d57690017a355ef,RETURNED,Not Applicable,2024-07-15T21:49:56.837000Z,,,2024-07-23T17:26:05.582202Z,,,3386,CONSENT_REVOKED,CONSENT_REVOKED,CONSENT_REVOKED,CONSENT_REVOKED,CONSENT_REVOKED,CONSENT_REVOKED,CONSENT_REVOKED,CONSENT_REVOKED,CONSENT_REVOKED,CONSENT_REVOKED,CONSENT_REVOKED,CONSENT_REVOKED,CONSENT_REVOKED
66959a49fbe73f9e00575f43,6668744383d3bd4686504a14,RETURNED,Not Applicable,2024-07-15T21:56:02.084000Z,2024-07-15T22:13:52.652000Z,,2024-07-23T17:26:05.601795Z,,NOCODE,20,CONSENT_REVOKED,CONSENT_REVOKED,CONSENT_REVOKED,CONSENT_REVOKED,CONSENT_REVOKED,CONSENT_REVOKED,CONSENT_REVOKED,CONSENT_REVOKED,CONSENT_REVOKED,CONSENT_REVOKED,CONSENT_REVOKED,CONSENT_REVOKED,CONSENT_REVOKED
66959bcb311598b2665983c2,55d3586fda14d7000e9531d9,RETURNED,Not Applicable,2024-07-15T21:59:46.328000Z,,,2024-07-23T17:26:05.618028Z,,,2444,CONSENT_REVOKED,CONSENT_REVOKED,CONSENT_REVOKED,CONSENT_REVOKED,CONSENT_REVOKED,CONSENT_REVOKED,CONSENT_REVOKED,CONSENT_REVOKED,CONSENT_REVOKED,CONSENT_REVOKED,CONSENT_REVOKED,CONSENT_REVOKED,CONSENT_REVOKED
66959bed09c24c547e33fdb6,645005f03fb72ab1bb1a88b1,RETURNED,Not Applicable,2024-07-15T22:00:16.376000Z,,,2024-07-23T17:26:05.624313Z,,,588,CONSENT_REVOKED,CONSENT_REVOKED,CONSENT_REVOKED,CONSENT_REVOKED,CONSENT_REVOKED,CONSENT_REVOKED,CONSENT_REVOKED,CONSENT_REVOKED,CONSENT_REVOKED,CONSENT_REVOKED,CONSENT_REVOKED,CONSENT_REVOKED,CONSENT_REVOKED
66959c8b4606d0d66a7ee0d9,63efaace5197dda4627d742f,RETURNED,Not Applicable,2024-07-15T22:02:56.807000Z,,,2024-07-23T17:26:05.628936Z,,,4110,CONSENT_REVOKED,CONSENT_REVOKED,CONSENT_REVOKED,CONSENT_REVOKED,CONSENT_REVOKED,CONSENT_REVOKED,CONSENT_REVOKED,CONSENT_REVOKED,CONSENT_REVOKED,CONSENT_REVOKED,CONSENT_REVOKED,CONSENT_REVOKED,CONSENT_REVOKED
66959d0c5e31ee4dee59d683,65f6e1abe3931d0da1de33dd,RETURNED,Not Applicable,2024-07-15T22:05:19.390000Z,,,2024-07-23T17:26:05.649476Z,,,535,CONSENT_REVOKED,CONSENT_REVOKED,CONSENT_REVOKED,CONSENT_REVOKED,CONSENT_REVOKED,CONSENT_REVOKED,CONSENT_REVOKED,CONSENT_REVOKED,CONSENT_REVOKED,CONSENT_REVOKED,CONSENT_REVOKED,CONSENT_REVOKED,CONSENT_REVOKED
66959d44c23a8a9ceb574f30,5aede0d30ccc2e0001858c7e,RETURNED,Not Applicable,2024-07-15T22:08:39.565000Z,,,2024-07-23T17:26:05.655214Z,,,643,CONSENT_REVOKED,CONSENT_REVOKED,CONSENT_REVOKED,CONSENT_REVOKED,CONSENT_REVOKED,CONSENT_REVOKED,CONSENT_REVOKED,CONSENT_REVOKED,CONSENT_REVOKED,CONSENT_REVOKED,CONSENT_REVOKED,CONSENT_REVOKED,CONSENT_REVOKED
66959db60db8a291f060325b,64136fca174b34ba3a481cfd,RETURNED,Not Applicable,2024-07-15T22:07:57.392000Z,,,2024-07-23T17:26:05.662901Z,,,3674,CONSENT_REVOKED,CONSENT_REVOKED,CONSENT_REVOKED,CONSENT_REVOKED,CONSENT_REVOKED,CONSENT_REVOKED,CONSENT_REVOKED,CONSENT_REVOKED,CONSENT_REVOKED,CONSENT_REVOKED,CONSENT_REVOKED,CONSENT_REVOKED,CONSENT_REVOKED
66959e0114b1404de30e494c,65654bb65a81489784483bf0,RETURNED,Not Applicable,2024-07-15T22:09:13.741000Z,,,2024-07-23T17:26:05.668394Z,,,208,CONSENT_REVOKED,CONSENT_REVOKED,CONSENT_REVOKED,CONSENT_REVOKED,CONSENT_REVOKED,CONSENT_REVOKED,CONSENT_REVOKED,CONSENT_REVOKED,CONSENT_REVOKED,CONSENT_REVOKED,CONSENT_REVOKED,CONSENT_REVOKED,CONSENT_REVOKED
66959e1fafac9d73f2a3a5f7,5c1b9212bfd9220001a9ada0,RETURNED,Not Applicable,2024-07-15T22:09:58.198000Z,,,2024-07-23T17:26:05.672516Z,,,4416,CONSENT_REVOKED,CONSENT_REVOKED,CONSENT_REVOKED,CONSENT_REVOKED,CONSENT_REVOKED,CONSENT_REVOKED,CONSENT_REVOKED,CONSENT_REVOKED,CONSENT_REVOKED,CONSENT_REVOKED,CONSENT_REVOKED,CONSENT_REVOKED,CONSENT_REVOKED
66959efd0c5488348a2c9e45,612e6569f68929afb886fb5c,RETURNED,Not Applicable,2024-07-15T22:13:21.926000Z,,,2024-07-23T17:26:05.682722Z,,,2644,CONSENT_REVOKED,CONSENT_REVOKED,CONSENT_REVOKED,CONSENT_REVOKED,CONSENT_REVOKED,CONSENT_REVOKED,CONSENT_REVOKED,CONSENT_REVOKED,CONSENT_REVOKED,CONSENT_REVOKED,CONSENT_REVOKED,CONSENT_REVOKED,CONSENT_REVOKED
6695a04d4606d0d66a7ee194,6661bc3e3de765933ac65966,RETURNED,Not Applicable,2024-07-15T22:18:58.434000Z,,,2024-07-23T17:26:05.689245Z,,,98,CONSENT_REVOKED,CONSENT_REVOKED,CONSENT_REVOKED,CONSENT_REVOKED,CONSENT_REVOKED,CONSENT_REVOKED,CONSENT_REVOKED,CONSENT_REVOKED,CONSENT_REVOKED,CONSENT_REVOKED,CONSENT_REVOKED,CONSENT_REVOKED,CONSENT_REVOKED
6695a1ea3bec04d71459eb0c,6474c771b51a23115627d86c,RETURNED,Not Applicable,2024-07-15T22:25:46.250000Z,,,2024-07-23T17:26:05.692407Z,,,311,CONSENT_REVOKED,CONSENT_REVOKED,CONSENT_REVOKED,CONSENT_REVOKED,CONSENT_REVOKED,CONSENT_REVOKED,CONSENT_REVOKED,CONSENT_REVOKED,CONSENT_REVOKED,CONSENT_REVOKED,CONSENT_REVOKED,CONSENT_REVOKED,CONSENT_REVOKED
6695a2913bec04d71459eb35,6414da4319877aa1e31c301b,RETURNED,Not Applicable,2024-07-15T22:28:50.247000Z,,,2024-07-23T17:26:05.711180Z,,,4114,CONSENT_REVOKED,CONSENT_REVOKED,CONSENT_REVOKED,CONSENT_REVOKED,CONSENT_REVOKED,CONSENT_REVOKED,CONSENT_REVOKED,CONSENT_REVOKED,CONSENT_REVOKED,CONSENT_REVOKED,CONSENT_REVOKED,CONSENT_REVOKED,CONSENT_REVOKED
6695a6b7311598b2665985e2,6005bf78ff6a5287aba5661f,RETURNED,Not Applicable,2024-07-15T22:46:23.374000Z,,,2024-07-23T17:26:05.738357Z,,,1410,CONSENT_REVOKED,CONSENT_REVOKED,CONSENT_REVOKED,CONSENT_REVOKED,CONSENT_REVOKED,CONSENT_REVOKED,CONSENT_REVOKED,CONSENT_REVOKED,CONSENT_REVOKED,CONSENT_REVOKED,CONSENT_REVOKED,CONSENT_REVOKED,CONSENT_REVOKED
6695aa6a66bee0078c3c11ff,6657a85342393a2ea28d9c64,RETURNED,Not Applicable,2024-07-15T23:02:07.062000Z,,,2024-07-23T17:26:05.769489Z,,,258,CONSENT_REVOKED,CONSENT_REVOKED,CONSENT_REVOKED,CONSENT_REVOKED,CONSENT_REVOKED,CONSENT_REVOKED,CONSENT_REVOKED,CONSENT_REVOKED,CONSENT_REVOKED,CONSENT_REVOKED,CONSENT_REVOKED,CONSENT_REVOKED,CONSENT_REVOKED
6695af526a7d8eefadb15104,61115178c8a4bbd5832f32ba,RETURNED,Not Applicable,2024-07-15T23:23:10.175000Z,,,2024-07-23T17:26:05.812380Z,,,428,CONSENT_REVOKED,CONSENT_REVOKED,CONSENT_REVOKED,CONSENT_REVOKED,CONSENT_REVOKED,CONSENT_REVOKED,CONSENT_REVOKED,CONSENT_REVOKED,CONSENT_REVOKED,CONSENT_REVOKED,CONSENT_REVOKED,CONSENT_REVOKED,CONSENT_REVOKED
6695b0d112272a07f89d6200,5e97478f8b670f09dad1fd02,RETURNED,Not Applicable,2024-07-15T23:29:23.578000Z,,,2024-07-23T17:26:05.828365Z,,,1068,CONSENT_REVOKED,CONSENT_REVOKED,CONSENT_REVOKED,CONSENT_REVOKED,CONSENT_REVOKED,CONSENT_REVOKED,CONSENT_REVOKED,CONSENT_REVOKED,CONSENT_REVOKED,CONSENT_REVOKED,CONSENT_REVOKED,CONSENT_REVOKED,CONSENT_REVOKED
6695b770bc026862103e351a,57b8e70f35624400013d690c,RETURNED,Not Applicable,2024-07-15T23:57:40.310000Z,,,2024-07-23T17:26:05.832605Z,,,2933,CONSENT_REVOKED,CONSENT_REVOKED,CONSENT_REVOKED,CONSENT_REVOKED,CONSENT_REVOKED,CONSENT_REVOKED,CONSENT_REVOKED,CONSENT_REVOKED,CONSENT_REVOKED,CONSENT_REVOKED,CONSENT_REVOKED,CONSENT_REVOKED,CONSENT_REVOKED
6695b7f1fb297c4bda5a55e1,66327a37b492ebe7bdaa5f69,RETURNED,Not Applicable,2024-07-16T00:00:00.474000Z,,,2024-07-23T17:26:05.894776Z,,,495,CONSENT_REVOKED,CONSENT_REVOKED,CONSENT_REVOKED,CONSENT_REVOKED,CONSENT_REVOKED,CONSENT_REVOKED,CONSENT_REVOKED,CONSENT_REVOKED,CONSENT_REVOKED,CONSENT_REVOKED,CONSENT_REVOKED,CONSENT_REVOKED,CONSENT_REVOKED
6695bbd966bee0078c3c161c,56228e34ed6e5a0011c80590,RETURNED,Not Applicable,2024-07-16T00:16:30.638000Z,,,2024-07-23T17:26:05.904685Z,,,279,CONSENT_REVOKED,CONSENT_REVOKED,CONSENT_REVOKED,CONSENT_REVOKED,CONSENT_REVOKED,CONSENT_REVOKED,CONSENT_REVOKED,CONSENT_REVOKED,CONSENT_REVOKED,CONSENT_REVOKED,CONSENT_REVOKED,CONSENT_REVOKED,CONSENT_REVOKED
6695bcd04c396545fe33cfd8,6604722ff70cdd65875e2c6b,RETURNED,Not Applicable,2024-07-16T00:30:32.477000Z,,,2024-07-23T17:26:05.908071Z,,,658,CONSENT_REVOKED,CONSENT_REVOKED,CONSENT_REVOKED,CONSENT_REVOKED,CONSENT_REVOKED,CONSENT_REVOKED,CONSENT_REVOKED,CONSENT_REVOKED,CONSENT_REVOKED,CONSENT_REVOKED,CONSENT_REVOKED,CONSENT_REVOKED,CONSENT_REVOKED
6695bfa70372de54460a9775,5bf077098500d800010a99e0,RETURNED,Not Applicable,2024-07-16T00:32:44.811000Z,,,2024-07-23T17:26:05.918230Z,,,3679,CONSENT_REVOKED,CONSENT_REVOKED,CONSENT_REVOKED,CONSENT_REVOKED,CONSENT_REVOKED,CONSENT_REVOKED,CONSENT_REVOKED,CONSENT_REVOKED,CONSENT_REVOKED,CONSENT_REVOKED,CONSENT_REVOKED,CONSENT_REVOKED,CONSENT_REVOKED
6695ce771338923e843275b6,65c91cafa7dc9db70e3119c7,RETURNED,Not Applicable,2024-07-16T01:35:58.126000Z,,,2024-07-23T17:26:05.930055Z,,,152,CONSENT_REVOKED,CONSENT_REVOKED,CONSENT_REVOKED,CONSENT_REVOKED,CONSENT_REVOKED,CONSENT_REVOKED,CONSENT_REVOKED,CONSENT_REVOKED,CONSENT_REVOKED,CONSENT_REVOKED,CONSENT_REVOKED,CONSENT_REVOKED,CONSENT_REVOKED
6695ec06e772f6e0f22455d9,60d4477467e235cde30140a9,RETURNED,Not Applicable,2024-07-16T03:42:05.302000Z,,,2024-07-23T17:26:05.987169Z,,,342,CONSENT_REVOKED,CONSENT_REVOKED,CONSENT_REVOKED,CONSENT_REVOKED,CONSENT_REVOKED,CONSENT_REVOKED,CONSENT_REVOKED,CONSENT_REVOKED,CONSENT_REVOKED,CONSENT_REVOKED,CONSENT_REVOKED,CONSENT_REVOKED,CONSENT_REVOKED
6695f4bda2fbfdf837a22088,65ea7cb769de8a21b55ec74e,RETURNED,Not Applicable,2024-07-16T04:29:09.029000Z,,,2024-07-23T17:26:06.005497Z,,,24,CONSENT_REVOKED,CONSENT_REVOKED,CONSENT_REVOKED,CONSENT_REVOKED,CONSENT_REVOKED,CONSENT_REVOKED,CONSENT_REVOKED,CONSENT_REVOKED,CONSENT_REVOKED,CONSENT_REVOKED,CONSENT_REVOKED,CONSENT_REVOKED,CONSENT_REVOKED
66960af9afac9d73f2a3bee9,5d472594d2b14b001aa5297b,RETURNED,Not Applicable,2024-07-16T05:54:01.401000Z,,,2024-07-23T17:26:06.014901Z,,,209,CONSENT_REVOKED,CONSENT_REVOKED,CONSENT_REVOKED,CONSENT_REVOKED,CONSENT_REVOKED,CONSENT_REVOKED,CONSENT_REVOKED,CONSENT_REVOKED,CONSENT_REVOKED,CONSENT_REVOKED,CONSENT_REVOKED,CONSENT_REVOKED,CONSENT_REVOKED
66960edf7943a2c86157b16c,5b2ab03ea7cee100011e140d,RETURNED,Not Applicable,2024-07-16T06:11:16.322000Z,,,2024-07-23T17:26:06.039092Z,,,389,CONSENT_REVOKED,CONSENT_REVOKED,CONSENT_REVOKED,CONSENT_REVOKED,CONSENT_REVOKED,CONSENT_REVOKED,CONSENT_REVOKED,CONSENT_REVOKED,CONSENT_REVOKED,CONSENT_REVOKED,CONSENT_REVOKED,CONSENT_REVOKED,CONSENT_REVOKED
6696101d6cf4e4237ea23d08,643808a66bb6ef1aff6bcf27,RETURNED,Not Applicable,2024-07-16T06:16:04.197000Z,,,2024-07-23T17:26:06.061370Z,,,808,CONSENT_REVOKED,CONSENT_REVOKED,CONSENT_REVOKED,CONSENT_REVOKED,CONSENT_REVOKED,CONSENT_REVOKED,CONSENT_REVOKED,CONSENT_REVOKED,CONSENT_REVOKED,CONSENT_REVOKED,CONSENT_REVOKED,CONSENT_REVOKED,CONSENT_REVOKED
669612f4dd3fef46d96d259c,615fe53328089522ce2661ed,RETURNED,Not Applicable,2024-07-16T06:28:04.616000Z,,,2024-07-23T17:26:06.069728Z,,,198,CONSENT_REVOKED,CONSENT_REVOKED,CONSENT_REVOKED,CONSENT_REVOKED,CONSENT_REVOKED,CONSENT_REVOKED,CONSENT_REVOKED,CONSENT_REVOKED,CONSENT_REVOKED,CONSENT_REVOKED,CONSENT_REVOKED,CONSENT_REVOKED,CONSENT_REVOKED
66961b3b34e7a05118565298,654ce8b3546bfee482c7bb82,RETURNED,Not Applicable,2024-07-16T07:03:23.263000Z,,,2024-07-23T17:26:06.104784Z,,,161,CONSENT_REVOKED,CONSENT_REVOKED,CONSENT_REVOKED,CONSENT_REVOKED,CONSENT_REVOKED,CONSENT_REVOKED,CONSENT_REVOKED,CONSENT_REVOKED,CONSENT_REVOKED,CONSENT_REVOKED,CONSENT_REVOKED,CONSENT_REVOKED,CONSENT_REVOKED
669656a1446c940b88d9f7b5,5dee4083186bf9000d38dfde,RETURNED,Not Applicable,2024-07-16T11:16:53.887000Z,,,2024-07-23T17:26:06.131766Z,,,393,CONSENT_REVOKED,CONSENT_REVOKED,CONSENT_REVOKED,CONSENT_REVOKED,CONSENT_REVOKED,CONSENT_REVOKED,CONSENT_REVOKED,CONSENT_REVOKED,CONSENT_REVOKED,CONSENT_REVOKED,CONSENT_REVOKED,CONSENT_REVOKED,CONSENT_REVOKED
669657c001de8ce2b7e2152b,659bed0447ff4ef6b9ea8b61,RETURNED,Not Applicable,2024-07-16T11:21:52.148000Z,,,2024-07-23T17:26:06.140735Z,,,73,CONSENT_REVOKED,CONSENT_REVOKED,CONSENT_REVOKED,CONSENT_REVOKED,CONSENT_REVOKED,CONSENT_REVOKED,CONSENT_REVOKED,CONSENT_REVOKED,CONSENT_REVOKED,CONSENT_REVOKED,CONSENT_REVOKED,CONSENT_REVOKED,CONSENT_REVOKED
669658d61eef7a3335f25520,607cabdfb9addc46d23a0f19,RETURNED,Not Applicable,2024-07-16T11:26:14.626000Z,,,2024-07-23T17:26:06.143082Z,,,537,CONSENT_REVOKED,CONSENT_REVOKED,CONSENT_REVOKED,CONSENT_REVOKED,CONSENT_REVOKED,CONSENT_REVOKED,CONSENT_REVOKED,CONSENT_REVOKED,CONSENT_REVOKED,CONSENT_REVOKED,CONSENT_REVOKED,CONSENT_REVOKED,CONSENT_REVOKED
66965914b1aff857645b3259,668d4f82a3c38c8026cedacc,RETURNED,Not Applicable,2024-07-16T11:27:23.853000Z,,,2024-07-23T17:26:06.151265Z,,,2,CONSENT_REVOKED,CONSENT_REVOKED,CONSENT_REVOKED,CONSENT_REVOKED,CONSENT_REVOKED,CONSENT_REVOKED,CONSENT_REVOKED,CONSENT_REVOKED,CONSENT_REVOKED,CONSENT_REVOKED,CONSENT_REVOKED,CONSENT_REVOKED,CONSENT_REVOKED
66965a1abd564b646a6bc953,60db6cbfbdc2bef6285fe52c,RETURNED,Not Applicable,2024-07-16T11:42:00.074000Z,,,2024-07-23T17:26:06.162032Z,,,449,CONSENT_REVOKED,CONSENT_REVOKED,CONSENT_REVOKED,CONSENT_REVOKED,CONSENT_REVOKED,CONSENT_REVOKED,CONSENT_REVOKED,CONSENT_REVOKED,CONSENT_REVOKED,CONSENT_REVOKED,CONSENT_REVOKED,CONSENT_REVOKED,CONSENT_REVOKED
66965a579d75d1ddcb87e779,5ea487ce2179512ba1456477,RETURNED,Not Applicable,2024-07-16T11:32:45.399000Z,,,2024-07-23T17:26:06.168868Z,,,434,CONSENT_REVOKED,CONSENT_REVOKED,CONSENT_REVOKED,CONSENT_REVOKED,CONSENT_REVOKED,CONSENT_REVOKED,CONSENT_REVOKED,CONSENT_REVOKED,CONSENT_REVOKED,CONSENT_REVOKED,CONSENT_REVOKED,CONSENT_REVOKED,CONSENT_REVOKED
66965ad24c5f073f68977cb0,5fe34a3ae5e631f9ba990034,RETURNED,Not Applicable,2024-07-16T11:34:52.816000Z,,,2024-07-23T17:26:06.173577Z,,,777,CONSENT_REVOKED,CONSENT_REVOKED,CONSENT_REVOKED,CONSENT_REVOKED,CONSENT_REVOKED,CONSENT_REVOKED,CONSENT_REVOKED,CONSENT_REVOKED,CONSENT_REVOKED,CONSENT_REVOKED,CONSENT_REVOKED,CONSENT_REVOKED,CONSENT_REVOKED
66965de87e59e0b10825366f,665d9157c142b7bc6842cb88,RETURNED,Not Applicable,2024-07-16T11:47:58.435000Z,,,2024-07-23T17:26:06.184584Z,,,26,CONSENT_REVOKED,CONSENT_REVOKED,CONSENT_REVOKED,CONSENT_REVOKED,CONSENT_REVOKED,CONSENT_REVOKED,CONSENT_REVOKED,CONSENT_REVOKED,CONSENT_REVOKED,CONSENT_REVOKED,CONSENT_REVOKED,CONSENT_REVOKED,CONSENT_REVOKED
669661c58ed94c2610cd23a3,5ec409d9293dfe2a9a1ed020,RETURNED,Not Applicable,2024-07-16T12:04:33.163000Z,,,2024-07-23T17:26:06.191593Z,,,86,CONSENT_REVOKED,CONSENT_REVOKED,CONSENT_REVOKED,CONSENT_REVOKED,CONSENT_REVOKED,CONSENT_REVOKED,CONSENT_REVOKED,CONSENT_REVOKED,CONSENT_REVOKED,CONSENT_REVOKED,CONSENT_REVOKED,CONSENT_REVOKED,CONSENT_REVOKED
669667e43c275039148e8847,578b4394ad1a6c0001466a6d,RETURNED,Not Applicable,2024-07-16T12:30:31.391000Z,,,2024-07-23T17:26:06.195725Z,,,1319,CONSENT_REVOKED,CONSENT_REVOKED,CONSENT_REVOKED,CONSENT_REVOKED,CONSENT_REVOKED,CONSENT_REVOKED,CONSENT_REVOKED,CONSENT_REVOKED,CONSENT_REVOKED,CONSENT_REVOKED,CONSENT_REVOKED,CONSENT_REVOKED,CONSENT_REVOKED
66958d9a5599e95ee061d99f,65104bae6377d9f5639bbc96,SCREENED OUT,Not Applicable,2024-07-15T20:59:11.317000Z,2024-07-15T21:05:41.878000Z,,2024-07-23T17:26:05.229183Z,391,NOCODE,409,Information Technology,Cloud computing,1000+,Publicly listed/traded enterprise (e.g. listed on a stock exchange),55,Male,White,Canada,Canada,Canada,English,No,Full-Time
66958f930b5f7fac68b290ac,60ef17fc6ab784ee49426142,TIMED-OUT,Not Applicable,2024-07-15T21:07:36.296000Z,,,2024-07-23T17:26:05.302297Z,677910,,160,Information Technology,"Cloud computing, Version control, Database management",1000+,Publicly listed/traded enterprise (e.g. listed on a stock exchange),31,Male,White,United Kingdom,United Kingdom,United Kingdom,English,No,Full-Time
6695a95e80e47d451a8ef3d2,665bbf3e7e8b1b87ca8cf60a,TIMED-OUT,Not Applicable,2024-07-15T22:57:44.455000Z,,,2024-07-23T17:26:05.752726Z,671302,,135,Information Technology,Don't know/Rather not say,1000+,Large private enterprise,42,Female,White,United States,United States,United States,English,Yes,Part-Time
669655ea31724f673608173d,664df16cef7b34ab62f9a004,TIMED-OUT,Not Applicable,2024-07-16T11:13:51.902000Z,,,2024-07-23T17:26:06.149408Z,627135,,50,Information Technology,"Shell scripting, Version control, Virtualisation, Debugging, Functional testing, Unit testing, Background processing, Search technologies",1000+,Publicly listed/traded enterprise (e.g. listed on a stock exchange),35,Male,White,France,Canada,Canada,French,No,Full-Time
66965c30f06adc39b9bba681,5f011910f1a82a26078ed6dd,TIMED-OUT,Not Applicable,2024-07-16T11:40:37.581000Z,,,2024-07-23T17:26:06.180384Z,625529,,232,Information Technology,"Cloud computing, Shell scripting, Debugging, Functional testing, Unit testing, Database management",1000+,Publicly listed/traded enterprise (e.g. listed on a stock exchange),33,Male,White,Spain,Spain,Spain,Spanish,Yes,Full-Time
