,StartDate,EndDate,Status,Progress,Duration (in seconds),Finished,RecordedDate,ResponseId,DistributionChannel,UserLanguage,Q_RecaptchaScore,Q1,Prolific ID,Q2,Q2_14_TEXT,Q2a,Q3,Q4,Q4a,Q4a_14_TEXT,Q5,Q6,Q6a,Q7,Q7a,Q7a_14_TEXT,Q7b,Q7b_5_TEXT,Q7c,Q8,Q9,Q10,Q11,Q12,Q13,Q13_9_TEXT,Q13a,Q14,Q15,Q16,Q17,Q18,Q19,Q19a,Q20,Q21,Q22,Q22a,Q22a.1,Q22a_5_TEXT,Q22b,Q23,Q23a,Q23b,Q23b_5_TEXT,Q23c,Q23c_9_TEXT,Q23d,Q23e,Q23f,Q23g,Q23h,Q24,Q25,Q26,PROLIFIC_PID
27,2024-07-15 14:23:02,2024-07-15 14:29:47,IP Address,100,405,True,2024-07-15 14:29:48,R_2l5lzXPEbeBH9OB,anonymous,EN,1,I choose to participate in this study and and authorise the use of my responses for this study. I acknowledge that I am able to withdraw from this study at any time by emailing l.a.olson@vu.nl.,5f173625050672074221898d,Other,Google,2021-2024,Engineer,Yes,"Censorship,Cyberbullying,Discrimination,Inappropriate Content,Misinformation",,Yes,No,,Every year,"Censorship,Discrimination,Harmful Advertising,Misinformation",,Social media,,Within weeks,Probably not,Probably not,Never,Probably yes,Always,User Satisfaction,,Sometimes,Always,Always,Months,Always,Probably yes,Definitely yes,,More beneficial,More beneficial,Yes,10,,,More beneficial,Yes,Male,Man,,White,,Abled,Neurotypical,Straight,Middle class,Generation Z or iGen: Born 1997–2010,Probably yes,no,,5f173625050672074221898d
28,2024-07-15 14:25:48,2024-07-15 14:33:05,IP Address,100,436,True,2024-07-15 14:33:06,R_1GqBaE2tORn1V4R,anonymous,EN,1,I choose to participate in this study and and authorise the use of my responses for this study. I acknowledge that I am able to withdraw from this study at any time by emailing l.a.olson@vu.nl.,5ac9c4415cd1050001626162,Twitter,,2021-2024,Engineer,Yes,"Inappropriate Content,Misinformation",,No,No,,Every hour,"Cyberbullying,Misinformation,Scam",,Social media,,Within days,Probably not,Might or might not,Never,Definitely yes,Most of the time,Investor Satisfaction,,About half the time,About half of the time,Most of the time,Months,Most of the time,Probably not,Might or might not,,Neutral,Neutral,Yes,2,,,Neutral,Yes,Male,Man,,Latinx,,Abled,Neurodivergent,Straight,Middle class,Millennial Generation or Generation Y: Born 1981–1996,Might or might not,,memocad@gmail.com,5ac9c4415cd1050001626162
29,2024-07-15 14:27:51,2024-07-15 14:36:36,IP Address,100,524,True,2024-07-15 14:36:36,R_2dScuIR45bN4qhX,anonymous,EN,1,I choose to participate in this study and and authorise the use of my responses for this study. I acknowledge that I am able to withdraw from this study at any time by emailing l.a.olson@vu.nl.,5fa6bd5087c4d53285fd8a53,Other,Siemens,2021-2024,Engineer,No,,,No,No,,,,,,,,Probably not,Probably not,Never,Definitely yes,Sometimes,Quality,,Never,Always,Always,Days,Always,Probably yes,Definitely yes,,More beneficial,More beneficial,No,,Other,I dont have a reason to use this platform ,,Yes,Male,Man,,White,,Abled,Neurotypical,Straight,Middle class,Generation Z or iGen: Born 1997–2010,Might or might not,,,5fa6bd5087c4d53285fd8a53
31,2024-07-15 14:34:16,2024-07-15 14:37:52,IP Address,100,215,True,2024-07-15 14:37:52,R_27VRVzAhbrLPRAt,anonymous,EN,1,I choose to participate in this study and and authorise the use of my responses for this study. I acknowledge that I am able to withdraw from this study at any time by emailing l.a.olson@vu.nl.,65dc9bebcab6f3f4b2f3cddb,Snapchat,,2016-2020,Data Scientist,Yes,"Accessibility,Censorship,Content Theft,Cyberbullying,Discrimination,Inappropriate Content,Safety,Other",Child safety ,No,No,,,,,,,,Might or might not,Definitely not,Never,Might or might not,Never,User Satisfaction,,Sometimes,Never,Never,Months,Always,Definitely yes,Might or might not,,More beneficial,More beneficial,Yes,less than 1,,,Neutral,No,,,,,,,,,,,Might or might not,Often I didn’t always know answers to the question as a scientist I didn’t always look at all the code all the time and I didn’t have a I don’t know option ,,65dc9bebcab6f3f4b2f3cddb
34,2024-07-15 14:36:47,2024-07-15 14:44:12,IP Address,100,444,True,2024-07-15 14:44:12,R_8hhcCs8Ojni5QQR,anonymous,EN,1,I choose to participate in this study and and authorise the use of my responses for this study. I acknowledge that I am able to withdraw from this study at any time by emailing l.a.olson@vu.nl.,664f40ff9f6cd94c5dd2ace7,Other,,2021-2024,Manager,Yes,"Content Theft,Cyberbullying,Misinformation",,No,No,,Every week,"Content Theft,Misinformation,Scam",,"Social media,Product forums,Direct user communication (phone, chat, email, etc)",,Within weeks,Probably yes,Probably not,Never,Probably yes,Most of the time,Quality,,Most of the time,About half of the time,Most of the time,Months,About half the time,Probably not,Definitely yes,,Neutral,More beneficial,Yes,1,,,More beneficial,Yes,Female,Woman,,White,,Abled,Neurotypical,Queer,Middle class,Millennial Generation or Generation Y: Born 1981–1996,Definitely yes,I had fun participating! ,,664f40ff9f6cd94c5dd2ace7
35,2024-07-15 14:39:14,2024-07-15 14:45:41,IP Address,100,386,True,2024-07-15 14:45:42,R_8xV51e2pBVAr2TI,anonymous,EN,1,I choose to participate in this study and and authorise the use of my responses for this study. I acknowledge that I am able to withdraw from this study at any time by emailing l.a.olson@vu.nl.,610667edefdc1ad424021209,Other,,,Data Scientist,No,,,Yes,No,,Every month,"Harmful Advertising,Scam",,"Social media,Direct user communication (phone, chat, email, etc)",,Within days,Probably not,Probably not,Most of the time,Definitely yes,Always,User Satisfaction,,Sometimes,About half of the time,Most of the time,Months,Most of the time,Might or might not,Probably yes,,More beneficial,More beneficial,Yes,2,,,Neutral,No,,,,,,,,,,,Definitely yes,,,610667edefdc1ad424021209
38,2024-07-15 14:33:26,2024-07-15 14:49:32,IP Address,100,966,True,2024-07-15 14:49:33,R_8LUQnLmH2ZFgiR3,anonymous,EN,1,I choose to participate in this study and and authorise the use of my responses for this study. I acknowledge that I am able to withdraw from this study at any time by emailing l.a.olson@vu.nl.,60719da557d8241609b26e83,Other,None I work in IT though,2021-2024,Manager,No,,,No,No,,Every year,Accessibility,,"Product forums,Direct user communication (phone, chat, email, etc)",,Within weeks,Probably yes,Might or might not,Never,Definitely yes,Most of the time,User Satisfaction,,Never,Most of the time,Most of the time,Weeks,Sometimes,Might or might not,Probably yes,,More beneficial,More beneficial,No,,Too busy,,,Yes,Female,Woman,,Black,,Abled,Neurotypical,Straight,Middle class,Millennial Generation or Generation Y: Born 1981–1996,Definitely yes,,,60719da557d8241609b26e83
39,2024-07-15 14:44:24,2024-07-15 14:51:26,IP Address,100,422,True,2024-07-15 14:51:26,R_8kEOnaRGhfdUi4V,anonymous,EN,1,I choose to participate in this study and and authorise the use of my responses for this study. I acknowledge that I am able to withdraw from this study at any time by emailing l.a.olson@vu.nl.,66900b7e8c9b73b28629c65f,Other,A University,2021-2024,Data Scientist,No,,,Yes,No,,Every year,"Discrimination,Environmental Concerns",,"Direct user communication (phone, chat, email, etc)",,Within weeks,Probably yes,Probably yes,Sometimes,Probably yes,Most of the time,User Satisfaction,,Sometimes,Most of the time,Most of the time,Weeks,Most of the time,Probably yes,Probably yes,,More beneficial,More beneficial,No,,Other,Student facing not staff facing,,Yes,Male,Man,,White,,Abled,Neurotypical,Straight,Middle class,Generation Z or iGen: Born 1997–2010,Might or might not,,,66900b7e8c9b73b28629c65f
42,2024-07-15 14:52:25,2024-07-15 14:56:21,IP Address,100,235,True,2024-07-15 14:56:21,R_6SIvZDWe0SosAQY,anonymous,EN,1,I choose to participate in this study and and authorise the use of my responses for this study. I acknowledge that I am able to withdraw from this study at any time by emailing l.a.olson@vu.nl.,5e8e0a10e9878f06eb114260,Other,IBM Watson,2021-2024,Data Scientist,Yes,"Accessibility,Misinformation",,Yes,No,,,,,,,,Probably not,Probably yes,Never,Probably yes,Sometimes,Investor Satisfaction,,Sometimes,About half of the time,Most of the time,Months,Most of the time,Might or might not,Might or might not,,Neutral,Neutral,Yes,2,,,More beneficial,No,,,,,,,,,,,Probably yes,,liancole@duck.com,5e8e0a10e9878f06eb114260
44,2024-07-15 14:52:06,2024-07-15 14:58:40,IP Address,100,393,True,2024-07-15 14:58:40,R_2DJB26zaSOWvO3D,anonymous,EN,1,I choose to participate in this study and and authorise the use of my responses for this study. I acknowledge that I am able to withdraw from this study at any time by emailing l.a.olson@vu.nl.,66014dfebb8c4ad4f4e266e9,Other,,2021-2024,Engineer,Yes,"Accessibility,Misinformation",,No,No,,,,,,,,Definitely yes,Definitely yes,Sometimes,Might or might not,Sometimes,Time to Market,,,Most of the time,Most of the time,Weeks,Most of the time,Might or might not,Definitely yes,,More beneficial,More beneficial,No,,Other,Company based on consulting,,Yes,Male,Man,,White,,Abled,Neurotypical,Straight,Middle class,Generation Z or iGen: Born 1997–2010,Definitely yes,,66014dfebb8c4ad4f4e266e9@email.prolific.com,66014dfebb8c4ad4f4e266e9
49,2024-07-15 14:59:18,2024-07-15 15:05:18,IP Address,100,360,True,2024-07-15 15:05:18,R_8TUMLbsEE0E52BX,anonymous,EN,1,I choose to participate in this study and and authorise the use of my responses for this study. I acknowledge that I am able to withdraw from this study at any time by emailing l.a.olson@vu.nl.,6478a3d537403513dc2b890f,Apple,,2021-2024,Engineer,Yes,"Accessibility,Censorship,Content Theft,Harmful Advertising,Identity Theft",,Yes,No,,Every day,"Accessibility,Identity Theft",,"Social media,Product forums,Direct user communication (phone, chat, email, etc)",,Within months,Probably yes,Probably yes,Never,Definitely yes,Most of the time,Quality,,Sometimes,Most of the time,Most of the time,Weeks,Most of the time,Probably yes,Probably yes,,More beneficial,More beneficial,Yes,12 or more,,,More beneficial,Yes,Male,Man,,White,,Abled,Neurodivergent,Straight,Upper class,Generation X: Born 1965–1980,Definitely yes,,,6478a3d537403513dc2b890f
54,2024-07-15 15:01:41,2024-07-15 15:06:20,IP Address,100,278,True,2024-07-15 15:06:20,R_8pmuQTYCaW2yuRX,anonymous,EN,1,I choose to participate in this study and and authorise the use of my responses for this study. I acknowledge that I am able to withdraw from this study at any time by emailing l.a.olson@vu.nl.,632b63afb2925ec0b40d0f3d,Other,Admiral,2021-2024,Engineer,No,,,Yes,No,,Never,,,,,,Probably not,Might or might not,Sometimes,Probably yes,About half the time,Quality,,Most of the time,Sometimes,Most of the time,Weeks,Sometimes,Might or might not,Probably yes,,More beneficial,More beneficial,Yes,3,,,Neutral,Yes,Male,Man,,White,,Abled,Neurotypical,Straight,Upper class,Generation Z or iGen: Born 1997–2010,Definitely yes,,,632b63afb2925ec0b40d0f3d
59,2024-07-15 15:02:31,2024-07-15 15:08:35,IP Address,100,364,True,2024-07-15 15:08:35,R_2rufJ16Wva6CScx,anonymous,EN,1,I choose to participate in this study and and authorise the use of my responses for this study. I acknowledge that I am able to withdraw from this study at any time by emailing l.a.olson@vu.nl.,5f450738ab827a05e739ef40,Other,SentinelOne,2021-2024,Engineer,Yes,Other,Excess data collection and privacy,No,No,,,,,,,,Probably not,Probably not,Sometimes,Definitely yes,Never,Time to Market,,Most of the time,Sometimes,Always,Months,Sometimes,Probably not,Probably not,,More beneficial,More beneficial,No,,Other,Better alternatives available,,Yes,Male,Other,? Male,White,,Abled,Neurotypical,Straight,Middle class,Millennial Generation or Generation Y: Born 1981–1996,Probably yes,,,5f450738ab827a05e739ef40
60,2024-07-15 15:03:51,2024-07-15 15:08:37,IP Address,100,285,True,2024-07-15 15:08:37,R_2VL2oNbbjeYKM0f,anonymous,EN,1,I choose to participate in this study and and authorise the use of my responses for this study. I acknowledge that I am able to withdraw from this study at any time by emailing l.a.olson@vu.nl.,6159e5f964d5b78cedb9c192,Other,GoContact,2021-2024,Manager,No,,,No,No,,Never,,,,,,Probably not,Probably not,Never,Definitely yes,Sometimes,Investor Satisfaction,,Always,Always,Most of the time,,Most of the time,Might or might not,Definitely yes,,More beneficial,More beneficial,Yes,8,,,More beneficial,Yes,Male,Man,,White,,Abled,Neurotypical,Straight,Middle class,Generation X: Born 1965–1980,Definitely yes,NOthing,,6159e5f964d5b78cedb9c192
61,2024-07-15 15:00:28,2024-07-15 15:09:43,IP Address,100,555,True,2024-07-15 15:09:44,R_3FmMMyBXz706aV5,anonymous,EN,1,I choose to participate in this study and and authorise the use of my responses for this study. I acknowledge that I am able to withdraw from this study at any time by emailing l.a.olson@vu.nl.,6679835aac87a0949cec678d,Other,Mewlog,2021-2024,Engineer,Yes,Accessibility,,No,No,,Never,,,,,,Definitely not,Definitely not,Never,Definitely yes,Always,User Satisfaction,,Sometimes,Always,Most of the time,Weeks,Always,Probably not,Probably yes,,More beneficial,More beneficial,Yes,,,,Neutral,Yes,Male,Man,,Latinx,,Abled,Neurotypical,Straight,Middle class,Millennial Generation or Generation Y: Born 1981–1996,Probably yes,No,,6679835aac87a0949cec678d
62,2024-07-15 15:07:18,2024-07-15 15:12:26,IP Address,100,308,True,2024-07-15 15:12:26,R_2gd9BrPLehVvps3,anonymous,EN,1,I choose to participate in this study and and authorise the use of my responses for this study. I acknowledge that I am able to withdraw from this study at any time by emailing l.a.olson@vu.nl.,5f1bf7bb9f48184274051108,LinkedIn,,2016-2020,Manager,No,,,No,No,,Never,,,,,,Probably not,Definitely not,Never,Probably not,Sometimes,Investor Satisfaction,,Never,Never,Sometimes,Years,Sometimes,Might or might not,Probably not,,More beneficial,More beneficial,Yes,8,,,More beneficial,No,,,,,,,,,,,Definitely yes,No,,5f1bf7bb9f48184274051108
63,2024-07-15 15:06:26,2024-07-15 15:13:04,IP Address,100,398,True,2024-07-15 15:13:04,R_8V174RisDJwYnAZ,anonymous,EN,1,I choose to participate in this study and and authorise the use of my responses for this study. I acknowledge that I am able to withdraw from this study at any time by emailing l.a.olson@vu.nl.,6580954b223031eddaaf646c,Other,,2021-2024,Engineer,Yes,"Accessibility,Environmental Concerns",,No,No,,,,,,,,Probably yes,Probably yes,Never,Might or might not,Sometimes,User Satisfaction,,Never,Sometimes,Most of the time,Days,About half the time,Probably yes,Probably yes,,More beneficial,More beneficial,No,,Too busy,,,Yes,Male,Man,,White,,Abled,Neurotypical,Straight,Middle class,Millennial Generation or Generation Y: Born 1981–1996,Probably not,,,6580954b223031eddaaf646c
64,2024-07-15 15:11:40,2024-07-15 15:15:41,IP Address,100,240,True,2024-07-15 15:15:42,R_1RP9JlCBQHOXYIr,anonymous,EN,1,I choose to participate in this study and and authorise the use of my responses for this study. I acknowledge that I am able to withdraw from this study at any time by emailing l.a.olson@vu.nl.,6679757dcf5a0a996e500673,Other,,"2016-2020,2021-2024",Manager,Yes,"Accessibility,Censorship,Discrimination,Safety",,Yes,No,,,,,,,,Probably yes,Might or might not,About half the time,Probably not,Most of the time,Time to Market,,About half the time,Most of the time,Most of the time,Weeks,Sometimes,Probably yes,Might or might not,,Neutral,More beneficial,No,,Too busy,,,Yes,Male,Man,,White,,Abled,Neurotypical,Straight,Middle class,Millennial Generation or Generation Y: Born 1981–1996,Might or might not,Not at this time.,,6679757dcf5a0a996e500673
66,2024-07-15 15:10:59,2024-07-15 15:17:08,IP Address,100,368,True,2024-07-15 15:17:08,R_7pVzK2PGyuLTekr,anonymous,EN,1,I choose to participate in this study and and authorise the use of my responses for this study. I acknowledge that I am able to withdraw from this study at any time by emailing l.a.olson@vu.nl.,6152305042a5020fd676cae3,Other,Micro Focus,"2006-2010,2011-2015,2016-2020,2021-2024",Lead,No,,,No,No,,Never,,,,,,Definitely not,Definitely not,Never,Definitely yes,Never,Quality,,Never,Most of the time,Most of the time,Days,Most of the time,Definitely yes,Definitely yes,,More beneficial,More beneficial,No,,Other,The product is not part of my day-to-day life,,Yes,Male,Man,,White,,Abled,Neurotypical,Straight,Upper class,Baby Boom Generation: Born 1946–1964,Definitely yes,,,6152305042a5020fd676cae3
70,2024-07-15 15:18:19,2024-07-15 15:23:01,IP Address,100,282,True,2024-07-15 15:23:02,R_8M0iAUidkwKK969,anonymous,EN,1,I choose to participate in this study and and authorise the use of my responses for this study. I acknowledge that I am able to withdraw from this study at any time by emailing l.a.olson@vu.nl.,6023f94d1951e70ae21770ec,Reddit,,2011-2015,Data Scientist,Yes,"Content Theft,Cyberbullying,Discrimination,Harmful Advertising,Identity Theft,Inappropriate Content,Misinformation,Scam",,No,No,,Every hour,"Harmful Advertising,Inappropriate Content",,"Social media,Product forums,Direct user communication (phone, chat, email, etc)",,Within days,Might or might not,Might or might not,About half the time,Probably yes,Most of the time,Investor Satisfaction,,About half the time,Sometimes,Sometimes,Months,Most of the time,Definitely not,Probably not,,More beneficial,More beneficial,Yes,1,,,More beneficial,Yes,Male,Man,,White,,Abled,Neurotypical,Straight,Lower class,Millennial Generation or Generation Y: Born 1981–1996,Definitely yes,na,na,6023f94d1951e70ae21770ec
72,2024-07-15 15:19:23,2024-07-15 15:24:52,IP Address,100,328,True,2024-07-15 15:24:53,R_8ZYLrM9z2c00VWx,anonymous,EN,1,I choose to participate in this study and and authorise the use of my responses for this study. I acknowledge that I am able to withdraw from this study at any time by emailing l.a.olson@vu.nl.,655d0002ee5c1de6a2c46327,LinkedIn,,"2011-2015,2016-2020,2021-2024",Engineer,Yes,"Accountability,Misinformation",,No,No,,Every month,Misinformation,,Social media,,Within days,Probably yes,Probably yes,Sometimes,Definitely yes,Sometimes,Time to Market,,About half the time,Sometimes,,Weeks,Most of the time,Probably not,Probably not,,More harmful,More harmful,Yes,less than 1,,,Neutral,No,,,,,,,,,,,Probably not,,,655d0002ee5c1de6a2c46327
77,2024-07-15 15:26:50,2024-07-15 15:31:22,IP Address,100,271,True,2024-07-15 15:31:22,R_7SqsCqtISr1N59o,anonymous,EN,1,I choose to participate in this study and and authorise the use of my responses for this study. I acknowledge that I am able to withdraw from this study at any time by emailing l.a.olson@vu.nl.,5d14fa7e5385be0001b1bd81,Other,Other social media platform,"2016-2020,2021-2024",Engineer,Yes,"Censorship,Discrimination,Inappropriate Content,Misinformation",,No,No,,Every year,"Censorship,Discrimination,Misinformation",,Social media,,Within weeks,Might or might not,Might or might not,Sometimes,Probably yes,Most of the time,Time to Market,,Sometimes,Sometimes,Sometimes,Months,Sometimes,Definitely not,Probably not,,More harmful,More harmful,Yes,2,,,More harmful,Yes,Male,Man,,White,,Abled,Neurotypical,Straight,Middle class,Millennial Generation or Generation Y: Born 1981–1996,Probably yes,,,5d14fa7e5385be0001b1bd81
79,2024-07-15 15:31:07,2024-07-15 15:34:28,IP Address,100,201,True,2024-07-15 15:34:29,R_3XrxCW4ZmWbLoOt,anonymous,EN,1,I choose to participate in this study and and authorise the use of my responses for this study. I acknowledge that I am able to withdraw from this study at any time by emailing l.a.olson@vu.nl.,6636a7456e7f277f59dda9bd,Other,Akamai,2021-2024,Engineer,Yes,"Accessibility,Environmental Concerns",,Yes,No,,,,,,,,Definitely yes,Definitely yes,Never,Probably yes,Most of the time,Time to Market,,About half the time,Most of the time,Most of the time,Weeks,Most of the time,Might or might not,Probably yes,,More beneficial,More beneficial,No,,Difficult to use,,,Yes,Female,Woman,,South Asian,,Abled,Prefer not to say,Straight,Middle class,Millennial Generation or Generation Y: Born 1981–1996,Probably yes,No,,6636a7456e7f277f59dda9bd
81,2024-07-15 15:31:42,2024-07-15 15:35:16,IP Address,100,213,True,2024-07-15 15:35:17,R_8C3WYoviQahGzex,anonymous,EN,1,I choose to participate in this study and and authorise the use of my responses for this study. I acknowledge that I am able to withdraw from this study at any time by emailing l.a.olson@vu.nl.,5ee7a70c55e80504fa3bc6ab,Other,Vodafone,2021-2024,Engineer,No,,,No,No,,,,,,,,Probably not,Probably not,Never,Definitely yes,Always,Quality,,Most of the time,Always,Always,Months,Always,Definitely yes,Definitely yes,,More beneficial,More beneficial,Yes,less than 1,,,More beneficial,No,,,,,,,,,,,Probably not,,,5ee7a70c55e80504fa3bc6ab
82,2024-07-15 15:28:50,2024-07-15 15:35:29,IP Address,100,398,True,2024-07-15 15:35:29,R_8KQIUqlnbECQzct,anonymous,EN,1,I choose to participate in this study and and authorise the use of my responses for this study. I acknowledge that I am able to withdraw from this study at any time by emailing l.a.olson@vu.nl.,5bd04ae2cff8c700012aabb4,Other,OutSystems,"2016-2020,2021-2024",Manager,Yes,"Accountability,Censorship,Inappropriate Content,Safety,Other",Privacy,Yes,No,,Every month,"Accessibility,Accountability,Scam",,"Product forums,Direct user communication (phone, chat, email, etc)",,Within years,Probably not,Probably not,Sometimes,Probably yes,Never,User Satisfaction,,Most of the time,Sometimes,About half the time,Weeks,About half the time,Might or might not,Might or might not,,Neutral,Neutral,No,,Other,"Cost, no need to use",,Yes,Female,Woman,,White,,Abled,Neurotypical,Straight,Middle class,Millennial Generation or Generation Y: Born 1981–1996,Probably yes,,,5bd04ae2cff8c700012aabb4
84,2024-07-15 15:26:57,2024-07-15 15:38:18,IP Address,100,680,True,2024-07-15 15:38:18,R_823zoUKGYiK6ICO,anonymous,EN,1,I choose to participate in this study and and authorise the use of my responses for this study. I acknowledge that I am able to withdraw from this study at any time by emailing l.a.olson@vu.nl.,60fe54550c56a36a9a0558cd,Other,SQS,2011-2015,Lead,No,,,Yes,No,,Every month,Accessibility,,Social media,,Within weeks,Might or might not,Definitely not,Never,Probably yes,About half the time,Quality,,Sometimes,Most of the time,Most of the time,Days,Most of the time,Probably yes,Probably yes,,Neutral,More beneficial,No,,Other,It is meant for different users and market,,Yes,Female,Woman,,Black,,Abled,Neurotypical,Straight,Lower class,Millennial Generation or Generation Y: Born 1981–1996,Might or might not,No,,60fe54550c56a36a9a0558cd
86,2024-07-15 15:35:03,2024-07-15 15:38:50,IP Address,100,226,True,2024-07-15 15:38:51,R_6txEvwHGS4r65Jn,anonymous,EN,1,I choose to participate in this study and and authorise the use of my responses for this study. I acknowledge that I am able to withdraw from this study at any time by emailing l.a.olson@vu.nl.,608b3a030c86f58ffd351d63,Twitter,,2011-2015,Engineer,Yes,"Cyberbullying,Misinformation",,Yes,No,,Every day,Misinformation,,Social media,,Within days,Might or might not,Might or might not,Most of the time,Probably yes,About half the time,Time to Market,,About half the time,Never,Sometimes,Weeks,About half the time,Probably not,Might or might not,,More beneficial,More beneficial,Yes,2,,,More beneficial,Yes,Male,Man,,White,,Abled,Prefer not to say,Straight,Middle class,Millennial Generation or Generation Y: Born 1981–1996,Probably yes,There is still a lot of spams on Twitter especially in comments section,,608b3a030c86f58ffd351d63
88,2024-07-15 15:31:37,2024-07-15 15:39:27,IP Address,100,469,True,2024-07-15 15:39:27,R_8Sg9dVdAE7c0pX3,anonymous,EN,1,I choose to participate in this study and and authorise the use of my responses for this study. I acknowledge that I am able to withdraw from this study at any time by emailing l.a.olson@vu.nl.,65ce1cd9ab1af2d57ecc6434,TikTok,,2021-2024,Data Scientist,Yes,"Censorship,Cyberbullying,Environmental Concerns,Harmful Advertising,Identity Theft,Inappropriate Content,Misinformation,Scam,Safety",,Yes,Yes,,Every week,"Cyberbullying,Harmful Advertising,Inappropriate Content,Scam",,"Social media,Product forums,Direct user communication (phone, chat, email, etc)",,Within days,Definitely not,Definitely not,Never,Probably yes,Always,User Satisfaction,,Never,About half of the time,Always,Months,Always,Definitely yes,Definitely yes,,Neutral,Neutral,No,,Too busy,,,Yes,Male,Man,,Black,,Abled,Neurotypical,Straight,Middle class,Millennial Generation or Generation Y: Born 1981–1996,Definitely yes,nope,,65ce1cd9ab1af2d57ecc6434
89,2024-07-15 15:34:28,2024-07-15 15:39:36,IP Address,100,308,True,2024-07-15 15:39:37,R_1zII419oD59uoXD,anonymous,EN,1,I choose to participate in this study and and authorise the use of my responses for this study. I acknowledge that I am able to withdraw from this study at any time by emailing l.a.olson@vu.nl.,65beabad4c2ea319391adf87,LinkedIn,,2021-2024,Engineer,Yes,"Accountability,Censorship,Discrimination,Identity Theft,Misinformation,Scam",,Yes,No,,Every month,"Accountability,Misinformation,Scam",,"App store,Direct user communication (phone, chat, email, etc)",,Within weeks,Probably yes,Probably yes,About half the time,Probably yes,Most of the time,Time to Market,,Sometimes,Most of the time,Most of the time,Months,About half the time,Probably not,Probably yes,,Neutral,Neutral,Yes,1,,,Neutral,No,,,,,,,,,,,Probably yes,,65beabad4c2ea319391adf87@email.prolific.com,65beabad4c2ea319391adf87
90,2024-07-15 15:34:19,2024-07-15 15:40:26,IP Address,100,366,True,2024-07-15 15:40:26,R_8gZhmQPl1pGKrXb,anonymous,EN,1,I choose to participate in this study and and authorise the use of my responses for this study. I acknowledge that I am able to withdraw from this study at any time by emailing l.a.olson@vu.nl.,65fd56b4fb5f65420b0c69a2,Other,,"2011-2015,2016-2020,2021-2024",Data Scientist,No,,,No,No,,,,,,,,Definitely yes,Probably not,Never,Definitely yes,Never,User Satisfaction,,Never,Most of the time,Most of the time,None,Most of the time,Probably yes,Probably yes,,More beneficial,More beneficial,Yes,less than 1,,,Neutral,Yes,Male,Man,,White,,Abled,Neurotypical,Straight,Middle class,Millennial Generation or Generation Y: Born 1981–1996,Probably yes,,,65fd56b4fb5f65420b0c69a2
91,2024-07-15 15:35:49,2024-07-15 15:41:29,IP Address,100,339,True,2024-07-15 15:41:29,R_24bG3EEeOhJAqBz,anonymous,EN,1,I choose to participate in this study and and authorise the use of my responses for this study. I acknowledge that I am able to withdraw from this study at any time by emailing l.a.olson@vu.nl.,62a0c5bf6efbdb2f7d383eaf,Other,BPme,2016-2020,Lead,Yes,"Accessibility,Accountability,Identity Theft,Inappropriate Content",,Yes,No,,,,,,,,Probably not,Probably not,Never,Probably yes,Sometimes,Time to Market,,About half the time,Sometimes,Most of the time,Weeks,About half the time,Probably not,Probably not,,More beneficial,More beneficial,Yes,less than 1,,,Neutral,Yes,Male,Man,,White,,Abled,Neurotypical,Straight,Middle class,Baby Boom Generation: Born 1946–1964,Might or might not,,,62a0c5bf6efbdb2f7d383eaf
92,2024-07-15 15:38:46,2024-07-15 15:42:34,IP Address,100,228,True,2024-07-15 15:42:35,R_5FgjfLkCRjkHL5m,anonymous,EN,1,I choose to participate in this study and and authorise the use of my responses for this study. I acknowledge that I am able to withdraw from this study at any time by emailing l.a.olson@vu.nl.,652d36620eca7decc5bd4466,Pinterest,,2021-2024,Data Scientist,No,,,Yes,No,,Every month,"Censorship,Content Theft,Misinformation",,"Social media,Direct user communication (phone, chat, email, etc)",,Within hours,Probably not,Probably not,Never,Definitely yes,About half the time,User Satisfaction,,Sometimes,Most of the time,Always,Weeks,Always,Probably yes,Probably yes,,More beneficial,More beneficial,Yes,less than 1,,,More beneficial,Yes,Female,Woman,,Black,,Abled,Neurotypical,Straight,Middle class,Generation Z or iGen: Born 1997–2010,Probably yes,No ,No,652d36620eca7decc5bd4466
94,2024-07-15 15:31:39,2024-07-15 15:44:24,IP Address,100,765,True,2024-07-15 15:44:25,R_8GprChDAmfRpt6r,anonymous,EN,1,I choose to participate in this study and and authorise the use of my responses for this study. I acknowledge that I am able to withdraw from this study at any time by emailing l.a.olson@vu.nl.,667ace1b01dab1e53c9351a7,Other,Energy company,2021-2024,Engineer,No,,,Yes,Yes,We have a link to report ethical concerns and have received a few complaints that bothers mostly on misunderstanding from consumers,Every month,"Accountability,Environmental Concerns,Misinformation",,"Social media,Direct user communication (phone, chat, email, etc)",,Within weeks,Probably not,Probably not,Never,Probably yes,Most of the time,User Satisfaction,,Most of the time,Most of the time,,Weeks,Most of the time,Probably yes,Probably yes,,More beneficial,More beneficial,Yes,12 or more,,,More beneficial,Yes,Male,Man,,Black,,Abled,Neurotypical,Straight,Middle class,Millennial Generation or Generation Y: Born 1981–1996,Definitely yes,No,,667ace1b01dab1e53c9351a7
98,2024-07-15 15:46:12,2024-07-15 15:52:01,IP Address,100,348,True,2024-07-15 15:52:02,R_572RxqWouL1ZEND,anonymous,EN,1,I choose to participate in this study and and authorise the use of my responses for this study. I acknowledge that I am able to withdraw from this study at any time by emailing l.a.olson@vu.nl.,62838cdc775f6094ddf0664b,Twitter,,2016-2020,Engineer,Yes,"Accessibility,Accountability,Content Theft,Cyberbullying,Discrimination,Harmful Advertising",,No,No,,,,,,,,Definitely yes,Definitely yes,Sometimes,Probably yes,Most of the time,Investor Satisfaction,,Most of the time,Sometimes,About half the time,Days,Never,Definitely not,Definitely not,,Neutral,Neutral,Yes,less than 1,,,More beneficial,No,,,,,,,,,,,Probably yes,,,62838cdc775f6094ddf0664b
100,2024-07-15 15:42:57,2024-07-15 15:53:00,IP Address,100,602,True,2024-07-15 15:53:00,R_7Ckyt3mPpWSgBHU,anonymous,EN,1,I choose to participate in this study and and authorise the use of my responses for this study. I acknowledge that I am able to withdraw from this study at any time by emailing l.a.olson@vu.nl.,668a83a1c8d3a43fd880e18c,Other,Clisha,2021-2024,Engineer,Yes,"Accessibility,Accountability,Content Theft,Environmental Concerns,Harmful Advertising,Identity Theft,Scam,Safety",,No,No,,Every month,"Accessibility,Misinformation",,"Direct user communication (phone, chat, email, etc)",,Within days,Definitely not,Definitely not,About half the time,Probably yes,Never,Time to Market,,Sometimes,About half of the time,About half the time,Days,Sometimes,Probably not,Definitely not,,Neutral,More beneficial,No,,Too busy,,,Yes,Male,Man,,White,,Abled,Neurotypical,Straight,Middle class,Generation Z or iGen: Born 1997–2010,Probably not,,,668a83a1c8d3a43fd880e18c
103,2024-07-15 15:48:46,2024-07-15 15:54:15,IP Address,100,328,True,2024-07-15 15:54:15,R_2knzcIyp5Mapvep,anonymous,EN,1,I choose to participate in this study and and authorise the use of my responses for this study. I acknowledge that I am able to withdraw from this study at any time by emailing l.a.olson@vu.nl.,5c41f9ce4fe4f800016dfaac,Reddit,,2021-2024,Data Scientist,Yes,"Accessibility,Accountability,Censorship,Content Theft,Cyberbullying,Discrimination,Environmental Concerns,Harmful Advertising,Identity Theft,Inappropriate Content,Misinformation,Scam,Safety",,Yes,No,,Every hour,"Inappropriate Content,Misinformation,Scam",,Social media,,Within hours,Probably not,Probably not,Never,Definitely yes,Most of the time,User Satisfaction,,Sometimes,Most of the time,Always,Months,Always,Probably not,Definitely yes,,More beneficial,More beneficial,Yes,6,,,Neutral,Yes,Male,Man,,Other,Multi-racial,Abled,Neurotypical,Straight,Middle class,Millennial Generation or Generation Y: Born 1981–1996,Definitely yes,,,5c41f9ce4fe4f800016dfaac
106,2024-07-15 15:51:56,2024-07-15 15:57:40,IP Address,100,344,True,2024-07-15 15:57:41,R_1wBrugkLMMvOw1O,anonymous,EN,1,I choose to participate in this study and and authorise the use of my responses for this study. I acknowledge that I am able to withdraw from this study at any time by emailing l.a.olson@vu.nl.,6605cd2fc352ad987368723a,Reddit,,2021-2024,Data Scientist,Yes,Misinformation,,Yes,No,,Every hour,"Accountability,Cyberbullying,Inappropriate Content,Misinformation",,"Direct user communication (phone, chat, email, etc)",,Within weeks,Probably yes,Might or might not,Sometimes,Definitely yes,Always,User Satisfaction,,Sometimes,Sometimes,Most of the time,Months,Most of the time,Definitely yes,Definitely yes,,More beneficial,More beneficial,Yes,2,,,More beneficial,Yes,Male,Man,,White,,Prefer not to say,Neurodivergent,Straight,Middle class,Generation X: Born 1965–1980,Probably yes,,,6605cd2fc352ad987368723a
108,2024-07-15 15:53:57,2024-07-15 16:00:36,IP Address,100,399,True,2024-07-15 16:00:37,R_6O8pRS7Ucj2NuR0,anonymous,EN,1,I choose to participate in this study and and authorise the use of my responses for this study. I acknowledge that I am able to withdraw from this study at any time by emailing l.a.olson@vu.nl.,667e9a6f2898845b9502b1de,WhatsApp,,2011-2015,Engineer,Yes,"Accessibility,Cyberbullying,Harmful Advertising,Identity Theft,Inappropriate Content",,Yes,No,,Every month,"Cyberbullying,Harmful Advertising,Inappropriate Content",,Social media,,Within days,Probably not,Probably not,Never,Probably not,Sometimes,Quality,,Most of the time,About half of the time,About half the time,Weeks,Sometimes,Might or might not,Might or might not,,More beneficial,Neutral,Yes,11,,,More beneficial,No,,,,,,,,,,,Definitely yes,,,667e9a6f2898845b9502b1de
109,2024-07-15 15:58:04,2024-07-15 16:00:44,IP Address,100,159,True,2024-07-15 16:00:45,R_7lfKY2VNI01F3F2,anonymous,EN,1,I choose to participate in this study and and authorise the use of my responses for this study. I acknowledge that I am able to withdraw from this study at any time by emailing l.a.olson@vu.nl.,6679928f3c55062c3e2408e9,Other,,2021-2024,Engineer,Yes,"Accessibility,Accountability,Environmental Concerns,Inappropriate Content",,Yes,No,,,,,,,,Might or might not,Definitely yes,Never,Probably yes,Sometimes,Time to Market,,Sometimes,Sometimes,Sometimes,Days,Sometimes,Might or might not,Probably not,,Neutral,Neutral,No,,Other,its not a product for average user,,Yes,Male,Man,,East Asian,,Abled,Neurotypical,Straight,Middle class,Generation Z or iGen: Born 1997–2010,Probably not,,,6679928f3c55062c3e2408e9
110,2024-07-15 15:52:50,2024-07-15 16:01:17,IP Address,100,506,True,2024-07-15 16:01:17,R_8l9QZ4NeogH0Vs1,anonymous,EN,1,I choose to participate in this study and and authorise the use of my responses for this study. I acknowledge that I am able to withdraw from this study at any time by emailing l.a.olson@vu.nl.,5aa1c9fe35237b000112df7d,Other,,2021-2024,Engineer,No,,,No,No,,Never,,,,,,Definitely yes,Definitely not,Never,Definitely yes,Most of the time,Quality,,About half the time,Most of the time,Most of the time,None,Most of the time,Definitely yes,Might or might not,,More beneficial,More beneficial,No,,Other,,,Yes,Male,Man,,White,,Abled,Neurotypical,Straight,Middle class,Millennial Generation or Generation Y: Born 1981–1996,Definitely yes,,,5aa1c9fe35237b000112df7d
111,2024-07-15 15:57:05,2024-07-15 16:03:26,IP Address,100,381,True,2024-07-15 16:03:27,R_6qJ6XMiYMvBB01x,anonymous,EN,1,I choose to participate in this study and and authorise the use of my responses for this study. I acknowledge that I am able to withdraw from this study at any time by emailing l.a.olson@vu.nl.,5f6a546fe472fc0f4dc976c9,Other,Bank of Montreal,"2011-2015,2016-2020,2021-2024",Engineer,Yes,"Accessibility,Accountability,Discrimination,Environmental Concerns,Identity Theft",,Yes,No,,,,,,,,Definitely not,Probably not,Never,Definitely yes,About half the time,Investor Satisfaction,,About half the time,Most of the time,About half the time,Months,About half the time,Might or might not,Probably not,,More beneficial,More beneficial,Yes,1,,,More beneficial,No,,,,,,,,,,,Probably yes,"None, thanks :)",,5f6a546fe472fc0f4dc976c9
112,2024-07-15 15:53:24,2024-07-15 16:04:09,IP Address,100,644,True,2024-07-15 16:04:10,R_8RrrhZftm351OKS,anonymous,EN,1,I choose to participate in this study and and authorise the use of my responses for this study. I acknowledge that I am able to withdraw from this study at any time by emailing l.a.olson@vu.nl.,5fdcad62eed16d2504b27f5a,Other,,2021-2024,Engineer,Yes,"Accountability,Content Theft,Cyberbullying,Harmful Advertising,Misinformation",,No,No,,Every day,"Content Theft,Cyberbullying,Discrimination,Identity Theft,Inappropriate Content,Scam",,"Social media,App store",,Within days,Might or might not,Probably not,Never,Definitely yes,Always,Quality,,About half the time,Always,Always,Months,Always,Definitely yes,Definitely yes,,More beneficial,More beneficial,Yes,12 or more,,,More beneficial,Yes,Female,Woman,,Black,,Abled,Neurotypical,Straight,Middle class,Generation Z or iGen: Born 1997–2010,Definitely yes,,,5fdcad62eed16d2504b27f5a
113,2024-07-15 16:00:31,2024-07-15 16:04:21,IP Address,100,229,True,2024-07-15 16:04:22,R_1IQZyy9290kLd7k,anonymous,EN,1,I choose to participate in this study and and authorise the use of my responses for this study. I acknowledge that I am able to withdraw from this study at any time by emailing l.a.olson@vu.nl.,5eeb326764eb142830aa5cfb,Other,,2021-2024,Director,Yes,"Cyberbullying,Inappropriate Content",,No,Yes,Usage for fake news,,,,,,,Might or might not,Might or might not,Never,Probably yes,Most of the time,Time to Market,,Most of the time,About half of the time,Most of the time,Weeks,Most of the time,Probably yes,Might or might not,,Neutral,Neutral,No,,Too busy,,,Yes,Male,Man,,South Asian,,Abled,Neurotypical,,Middle class,Millennial Generation or Generation Y: Born 1981–1996,Might or might not,No,,5eeb326764eb142830aa5cfb
114,2024-07-15 15:58:19,2024-07-15 16:04:56,IP Address,100,397,True,2024-07-15 16:04:57,R_7dGI0QCtrHD18OQ,anonymous,EN,1,I choose to participate in this study and and authorise the use of my responses for this study. I acknowledge that I am able to withdraw from this study at any time by emailing l.a.olson@vu.nl.,60e5cb4ca01a593fce9a379d,Other,financial app,2021-2024,Engineer,No,,,Yes,No,,Every day,"Identity Theft,Misinformation,Safety",,"Direct user communication (phone, chat, email, etc)",,Within hours,Might or might not,Might or might not,Never,Definitely yes,Always,Quality,,Sometimes,Always,Always,Weeks,Most of the time,Probably yes,Probably yes,,More beneficial,More beneficial,Yes,1,,,More beneficial,Yes,Male,Man,,South Asian,,Abled,Neurodivergent,Straight,Middle class,Millennial Generation or Generation Y: Born 1981–1996,Definitely yes,none,60e5cb4ca01a593fce9a379d@email.prolific.com,60e5cb4ca01a593fce9a379d
115,2024-07-15 16:01:56,2024-07-15 16:05:42,IP Address,100,226,True,2024-07-15 16:05:43,R_6LAKSvNzfCkXnq1,anonymous,EN,1,I choose to participate in this study and and authorise the use of my responses for this study. I acknowledge that I am able to withdraw from this study at any time by emailing l.a.olson@vu.nl.,6581a479f9807ef785856770,Discord,,2016-2020,Data Scientist,Yes,"Censorship,Cyberbullying,Misinformation,Scam",,Yes,No,,Every year,Scam,,"Social media,App store",,Within days,Probably yes,Probably yes,Never,Probably not,Sometimes,User Satisfaction,,About half the time,About half of the time,Most of the time,Years,Most of the time,Might or might not,Might or might not,,More beneficial,More beneficial,Yes,3,,,More beneficial,No,,,,,,,,,,,Definitely yes,no,,6581a479f9807ef785856770
116,2024-07-15 16:04:40,2024-07-15 16:08:26,IP Address,100,225,True,2024-07-15 16:08:26,R_8oBwqHTQttm4Rf7,anonymous,EN,1,I choose to participate in this study and and authorise the use of my responses for this study. I acknowledge that I am able to withdraw from this study at any time by emailing l.a.olson@vu.nl.,65a7e4a761de34226ae7b490,Quora,,2006-2010,VP,No,,,No,No,,Never,,,,,,Probably yes,Probably yes,Never,Might or might not,Most of the time,Quality,,Sometimes,About half of the time,Most of the time,Weeks,Most of the time,Probably not,Probably yes,,Neutral,Neutral,No,,Too busy,,,Yes,Female,Woman,,White,,Abled,Neurotypical,Straight,Lower class,Millennial Generation or Generation Y: Born 1981–1996,Probably yes,No,,65a7e4a761de34226ae7b490
117,2024-07-15 15:57:17,2024-07-15 16:08:37,IP Address,100,679,True,2024-07-15 16:08:37,R_86a8wxZvwjeGhrj,anonymous,EN,1,I choose to participate in this study and and authorise the use of my responses for this study. I acknowledge that I am able to withdraw from this study at any time by emailing l.a.olson@vu.nl.,60a9610cae689e66af400f01,Other,Monzo,2021-2024,Engineer,Yes,"Accessibility,Identity Theft,Scam,Safety",,Yes,No,,,,,,,,Might or might not,Probably not,Never,Definitely yes,Most of the time,User Satisfaction,,Sometimes,Most of the time,Always,Days,Most of the time,Probably yes,Probably yes,,More beneficial,More beneficial,Yes,less than 1,,,More beneficial,Yes,Male,Man,,South Asian,,Abled,Neurotypical,Straight,Middle class,Generation Z or iGen: Born 1997–2010,Probably yes,,60a9610cae689e66af400f01@email.prolific.com,60a9610cae689e66af400f01
118,2024-07-15 16:08:50,2024-07-15 16:12:11,IP Address,100,201,True,2024-07-15 16:12:12,R_61yNpLgBeVvBVkJ,anonymous,EN,1,I choose to participate in this study and and authorise the use of my responses for this study. I acknowledge that I am able to withdraw from this study at any time by emailing l.a.olson@vu.nl.,6293c7cef1af3c7badc3e25b,Other,Hitachi,2021-2024,Engineer,Yes,"Accessibility,Misinformation",,No,No,,,,,,,,Might or might not,Probably yes,Never,Probably not,Never,Time to Market,,Never,Never,Never,Days,About half the time,Probably not,Probably not,,Neutral,Neutral,No,,Difficult to use,,,No,,,,,,,,,,,Might or might not,,,6293c7cef1af3c7badc3e25b
119,2024-07-15 16:08:23,2024-07-15 16:12:30,IP Address,100,246,True,2024-07-15 16:12:31,R_4K7ujz1EVFsebWg,anonymous,EN,1,I choose to participate in this study and and authorise the use of my responses for this study. I acknowledge that I am able to withdraw from this study at any time by emailing l.a.olson@vu.nl.,65b8202861254d42a61c7fa9,Discord,,2016-2020,Engineer,No,,,No,No,,,,,,,,Might or might not,Definitely yes,Never,Probably yes,Most of the time,User Satisfaction,,Sometimes,Most of the time,Most of the time,Weeks,About half the time,Probably not,Probably not,,More beneficial,More beneficial,Yes,2,,,Neutral,No,,,,,,,,,,,Definitely yes,,,65b8202861254d42a61c7fa9
120,2024-07-15 16:09:08,2024-07-15 16:13:09,IP Address,100,241,True,2024-07-15 16:13:10,R_7EipLLwtrKKdw91,anonymous,EN,1,I choose to participate in this study and and authorise the use of my responses for this study. I acknowledge that I am able to withdraw from this study at any time by emailing l.a.olson@vu.nl.,63d412b04410a6e323b0d343,Other,Google,"2011-2015,2016-2020,2021-2024",Manager,Yes,"Accessibility,Accountability,Censorship,Content Theft,Cyberbullying,Discrimination,Environmental Concerns,Harmful Advertising,Identity Theft,Inappropriate Content,Misinformation,Scam,Safety",,Yes,No,,,,,,,,Might or might not,Might or might not,Sometimes,Might or might not,Sometimes,Investor Satisfaction,,Most of the time,About half of the time,Sometimes,Months,Never,Definitely not,Might or might not,,Neutral,Neutral,Yes,2,,,More beneficial,Yes,Female,Woman,,East Asian,,Abled,Neurodivergent,Queer,Middle class,Millennial Generation or Generation Y: Born 1981–1996,Might or might not,,,63d412b04410a6e323b0d343
122,2024-07-15 16:08:13,2024-07-15 16:13:22,IP Address,100,309,True,2024-07-15 16:13:23,R_1xcRqhZEmDtGhtD,anonymous,EN,1,I choose to participate in this study and and authorise the use of my responses for this study. I acknowledge that I am able to withdraw from this study at any time by emailing l.a.olson@vu.nl.,6679991eb7c93e019fc13239,Other,,2021-2024,Engineer,No,,,No,No,,Never,,,,,,Probably yes,Probably yes,Never,Probably yes,Sometimes,Quality,,,Sometimes,Most of the time,Weeks,Sometimes,Probably not,Definitely not,,Neutral,More beneficial,No,,Other,,,Yes,Male,Man,,South Asian,,Abled,Neurotypical,Straight,Middle class,Millennial Generation or Generation Y: Born 1981–1996,Probably yes,,,6679991eb7c93e019fc13239
124,2024-07-15 16:17:43,2024-07-15 16:21:36,IP Address,100,232,True,2024-07-15 16:21:36,R_81HHQdXERZKVa3S,anonymous,EN,1,I choose to participate in this study and and authorise the use of my responses for this study. I acknowledge that I am able to withdraw from this study at any time by emailing l.a.olson@vu.nl.,6328ea8c44e1e6f7180facd3,Other,IT limited,2021-2024,Manager,No,,,No,No,,Never,,,,,,Might or might not,Probably yes,Never,Probably yes,Always,Quality,,About half the time,About half of the time,Most of the time,Months,About half the time,Might or might not,Probably not,,Neutral,Neutral,Yes,2,,,More beneficial,Yes,Male,Man,,White,,Prefer not to say,Neurotypical,Straight,Upper class,Generation Z or iGen: Born 1997–2010,Probably yes,,,6328ea8c44e1e6f7180facd3
125,2024-07-15 16:18:54,2024-07-15 16:23:40,IP Address,100,285,True,2024-07-15 16:23:41,R_6G9CYmgZW8fQdlu,anonymous,EN,1,I choose to participate in this study and and authorise the use of my responses for this study. I acknowledge that I am able to withdraw from this study at any time by emailing l.a.olson@vu.nl.,579937134d107800016dd569,YouTube,,2021-2024,Manager,No,,,No,No,,Every day,Cyberbullying,,Social media,,Within hours,Definitely not,Definitely not,Never,Definitely yes,Always,User Satisfaction,,Never,Always,Most of the time,Weeks,Always,Definitely yes,Definitely yes,,More beneficial,More beneficial,Yes,8,,,More beneficial,No,,,,,,,,,,,Definitely yes,NA ,,579937134d107800016dd569
127,2024-07-15 16:19:45,2024-07-15 16:27:35,IP Address,100,469,True,2024-07-15 16:27:35,R_123W6gzvldvmsGL,anonymous,EN,1,I choose to participate in this study and and authorise the use of my responses for this study. I acknowledge that I am able to withdraw from this study at any time by emailing l.a.olson@vu.nl.,6630daff9088d00270bf8fc7,Discord,,2021-2024,Director,Yes,"Harmful Advertising,Inappropriate Content,Misinformation,Scam",,Yes,No,,Every hour,"Inappropriate Content,Scam",,"Social media,App store,Direct user communication (phone, chat, email, etc)",,Within days,Probably not,Definitely yes,Sometimes,Definitely yes,Always,User Satisfaction,,Sometimes,Most of the time,Always,Months,Most of the time,Probably yes,Might or might not,,More beneficial,More beneficial,Yes,less than 1,,,More beneficial,Yes,Male,Man,,"Black,Latinx",,Abled,Neurotypical,Straight,Middle class,Millennial Generation or Generation Y: Born 1981–1996,Definitely yes,no,clp28856@gmail.com,6630daff9088d00270bf8fc7
128,2024-07-15 16:19:30,2024-07-15 16:28:25,IP Address,100,535,True,2024-07-15 16:28:25,R_6YtaGN6GjEs4wEE,anonymous,EN,1,I choose to participate in this study and and authorise the use of my responses for this study. I acknowledge that I am able to withdraw from this study at any time by emailing l.a.olson@vu.nl.,663068f52490bf6d13f95968,Other,,2021-2024,Engineer,Yes,"Accessibility,Identity Theft,Safety",,Yes,No,,Never,,,,,,Probably not,Probably not,Never,Might or might not,Never,Time to Market,,Most of the time,About half of the time,About half the time,None,Most of the time,Probably yes,Probably yes,,More beneficial,More beneficial,Yes,12 or more,,,More beneficial,Yes,Female,Woman,,Middle Eastern,,Abled,Neurotypical,,Middle class,Millennial Generation or Generation Y: Born 1981–1996,Might or might not,No,,663068f52490bf6d13f95968
129,2024-07-15 16:28:42,2024-07-15 16:32:52,IP Address,100,250,True,2024-07-15 16:32:53,R_8MEYTnQt6BByKlN,anonymous,EN,1,I choose to participate in this study and and authorise the use of my responses for this study. I acknowledge that I am able to withdraw from this study at any time by emailing l.a.olson@vu.nl.,66588675c6cf038dad7c95e9,Other,Appian,2021-2024,Engineer,No,,,No,No,,Every year,"Accessibility,Misinformation",,"Direct user communication (phone, chat, email, etc)",,Within weeks,Might or might not,Probably not,Never,Definitely yes,Never,User Satisfaction,,Never,Most of the time,Most of the time,Weeks,Most of the time,Probably yes,Probably yes,,Neutral,More beneficial,No,,Other,Not relevant,,No,,,,,,,,,,,Definitely yes,,,66588675c6cf038dad7c95e9
130,2024-07-15 16:31:05,2024-07-15 16:34:44,IP Address,100,219,True,2024-07-15 16:34:45,R_3PUcmMXCdQv6Lzz,anonymous,EN,1,I choose to participate in this study and and authorise the use of my responses for this study. I acknowledge that I am able to withdraw from this study at any time by emailing l.a.olson@vu.nl.,60ceeec3a0bed4a1e603b8d7,Other,Datadog,2021-2024,Engineer,No,,,No,No,,Never,,,,,,Might or might not,Might or might not,Never,Probably yes,Never,Investor Satisfaction,,Never,Most of the time,Most of the time,Weeks,Sometimes,Probably not,Might or might not,,Neutral,More beneficial,Yes,3,,,More beneficial,Yes,Male,Man,,East Asian,,Abled,Neurotypical,Straight,Middle class,Millennial Generation or Generation Y: Born 1981–1996,Probably yes,No,,60ceeec3a0bed4a1e603b8d7
134,2024-07-15 16:34:28,2024-07-15 16:43:54,IP Address,100,565,True,2024-07-15 16:43:55,R_8CEGVt8RDZwX6Jr,anonymous,EN,1,I choose to participate in this study and and authorise the use of my responses for this study. I acknowledge that I am able to withdraw from this study at any time by emailing l.a.olson@vu.nl.,6505e90a3ea83031f55ee535,LinkedIn,,2016-2020,Manager,No,,,Yes,No,,Every week,"Accessibility,Identity Theft,Inappropriate Content,Safety",,Social media,,Within days,Definitely not,Definitely not,Never,Probably yes,Always,Quality,,Never,Always,Always,Weeks,Always,Definitely yes,Probably yes,,More beneficial,More beneficial,Yes,less than 1,,,More beneficial,No,,,,,,,,,,,Definitely yes,,,6505e90a3ea83031f55ee535
138,2024-07-15 17:15:52,2024-07-15 17:22:20,IP Address,100,387,True,2024-07-15 17:22:21,R_8EGdXJeW7rKOiAN,anonymous,EN,1,I choose to participate in this study and and authorise the use of my responses for this study. I acknowledge that I am able to withdraw from this study at any time by emailing l.a.olson@vu.nl.,60065a5b1c26cc90f0c55664,Other,I worked on webapps for portuguese companies,2021-2024,Engineer,No,,,No,No,,,,,,,,Definitely not,Definitely not,Never,Definitely yes,Never,Investor Satisfaction,,Sometimes,Most of the time,Most of the time,Weeks,Most of the time,Probably yes,Probably yes,,More beneficial,More beneficial,No,,Other,internal apps not available to the general public,,Yes,Female,Woman,,White,,Abled,Neurotypical,Queer,Middle class,Millennial Generation or Generation Y: Born 1981–1996,Probably yes,,,60065a5b1c26cc90f0c55664
139,2024-07-15 17:09:41,2024-07-15 17:30:28,IP Address,100,1246,True,2024-07-15 17:30:29,R_7TN69u4kVGDPvLq,anonymous,EN,1,I choose to participate in this study and and authorise the use of my responses for this study. I acknowledge that I am able to withdraw from this study at any time by emailing l.a.olson@vu.nl.,667d80dee9623f417d32cc41,Instagram,,2016-2020,Data Scientist,Yes,"Censorship,Misinformation",,Yes,No,,Every month,Censorship,,Social media,,Within days,Probably not,Probably not,Never,Definitely not,Sometimes,User Satisfaction,,,Never,Most of the time,Months,Most of the time,Probably yes,Probably not,,Neutral,More beneficial,Yes,3,,,More beneficial,Yes,Female,Woman,,White,,Abled,Neurotypical,Straight,Middle class,Generation Z or iGen: Born 1997–2010,Definitely yes,,667d80dee9623f417d32cc41@email.prolific.com,667d80dee9623f417d32cc41
142,2024-07-15 17:35:03,2024-07-15 17:38:28,IP Address,100,204,True,2024-07-15 17:38:29,R_6XPEvPmh1SISq8F,anonymous,EN,1,I choose to participate in this study and and authorise the use of my responses for this study. I acknowledge that I am able to withdraw from this study at any time by emailing l.a.olson@vu.nl.,65084acc68c9ee35e56a7f22,Other,"Boeing, Tyson, Visa",2016-2020,Engineer,Yes,"Accountability,Environmental Concerns,Safety",,No,No,,Every month,Safety,,"Social media,Direct user communication (phone, chat, email, etc)",,Never,Probably yes,Definitely not,Sometimes,Definitely yes,Never,Time to Market,,About half the time,Most of the time,Always,Weeks,Never,Definitely not,Probably yes,,More harmful,More harmful,No,,Ethical reasons,,,Yes,Female,Woman,,East Asian,,Disabled,Neurodivergent,Straight,Middle class,Generation Z or iGen: Born 1997–2010,Might or might not,,,65084acc68c9ee35e56a7f22
144,2024-07-15 17:49:57,2024-07-15 17:56:28,IP Address,100,390,True,2024-07-15 17:56:29,R_4FQ8qcxpMXMa4Iv,anonymous,EN,1,I choose to participate in this study and and authorise the use of my responses for this study. I acknowledge that I am able to withdraw from this study at any time by emailing l.a.olson@vu.nl.,65a406c16f17beac9e7e6fe7,Other,,2011-2015,Manager,No,,,Yes,No,,Never,,,,,,Probably not,Definitely not,Never,Definitely yes,Most of the time,Time to Market,,Sometimes,Most of the time,Most of the time,Weeks,Most of the time,Probably yes,Probably yes,,More beneficial,More beneficial,Yes,less than 1,,,More beneficial,Yes,Female,Woman,,White,,Abled,Neurotypical,Straight,Middle class,Generation X: Born 1965–1980,Probably yes,No,,65a406c16f17beac9e7e6fe7
145,2024-07-15 17:54:24,2024-07-15 17:58:23,IP Address,100,238,True,2024-07-15 17:58:23,R_4LMuQafl1SgeQPT,anonymous,EN,1,I choose to participate in this study and and authorise the use of my responses for this study. I acknowledge that I am able to withdraw from this study at any time by emailing l.a.olson@vu.nl.,65c684fc340d02b99e802e1b,Other,IBM,2021-2024,Engineer,Yes,"Accessibility,Content Theft,Misinformation",,Yes,No,,,,,,,,Probably yes,Probably yes,Never,Definitely yes,Most of the time,Investor Satisfaction,,About half the time,Most of the time,Most of the time,Months,Sometimes,Might or might not,Might or might not,,More beneficial,More beneficial,No,,Other,Prefer other platforms,,Yes,Female,Woman,,Other,South East Asian,Abled,Neurotypical,Straight,Middle class,Generation Z or iGen: Born 1997–2010,Probably yes,,,65c684fc340d02b99e802e1b
146,2024-07-15 18:04:27,2024-07-15 18:16:31,IP Address,100,724,True,2024-07-15 18:16:32,R_4k51YDaYYq3ltHd,anonymous,EN,1,I choose to participate in this study and and authorise the use of my responses for this study. I acknowledge that I am able to withdraw from this study at any time by emailing l.a.olson@vu.nl.,65a97d5307f808a0b287e677,WhatsApp,,2016-2020,VP,Yes,"Content Theft,Scam",,No,No,,Every month,"Misinformation,Scam",,Social media,,Within days,Probably yes,Might or might not,Never,Probably not,Most of the time,Time to Market,,,Most of the time,Most of the time,Months,Sometimes,Probably not,Probably yes,,Neutral,Neutral,Yes,7,,,More beneficial,Yes,Female,Woman,,Black,,Abled,Neurotypical,Prefer not to say,Middle class,Millennial Generation or Generation Y: Born 1981–1996,Probably yes,The reward for the survey is a bit low. the questions are more of personal questions,margaretchidimma84@gmail.com,65a97d5307f808a0b287e677
148,2024-07-15 18:51:25,2024-07-15 18:56:30,IP Address,100,305,True,2024-07-15 18:56:30,R_1txwY7tj3031cI4,anonymous,EN,1,I choose to participate in this study and and authorise the use of my responses for this study. I acknowledge that I am able to withdraw from this study at any time by emailing l.a.olson@vu.nl.,5be0d2374579d00001ad8d6d,Facebook,,2021-2024,Data Scientist,No,,,No,Yes,"Lack of privacy on the backemd, miainformation, uses of AI",Every hour,"Harmful Advertising,Identity Theft,Inappropriate Content,Misinformation,Scam,Safety,Other",,"Social media,Direct user communication (phone, chat, email, etc)",,Within days,Might or might not,Probably yes,Most of the time,Definitely yes,Sometimes,Time to Market,,Most of the time,Sometimes,Sometimes,Months,Never,Definitely not,Definitely not,,Neutral,More harmful,Yes,less than 1,,,Neutral,Yes,Female,Woman,,Latinx,,Abled,Neurodivergent,Straight,Middle class,Generation Z or iGen: Born 1997–2010,Definitely yes,,Pablogurney@hotmail.com,5be0d2374579d00001ad8d6d
149,2024-07-15 19:12:09,2024-07-15 19:16:44,IP Address,100,274,True,2024-07-15 19:16:45,R_6nIpIA6BIuS3x8l,anonymous,EN,1,I choose to participate in this study and and authorise the use of my responses for this study. I acknowledge that I am able to withdraw from this study at any time by emailing l.a.olson@vu.nl.,665a6d20e4fd69fa455ce3ca,LinkedIn,,2016-2020,Data Scientist,No,,,No,No,,,,,,,,Probably yes,Probably yes,Never,Probably yes,Sometimes,Quality,,About half the time,About half of the time,Most of the time,Months,Most of the time,Probably yes,Probably yes,,More beneficial,More beneficial,Yes,less than 1,,,Neutral,Yes,Female,Woman,,White,,Abled,Neurotypical,Straight,Middle class,Millennial Generation or Generation Y: Born 1981–1996,Probably yes,no,,665a6d20e4fd69fa455ce3ca
150,2024-07-15 19:08:36,2024-07-15 19:20:14,IP Address,100,697,True,2024-07-15 19:20:15,R_637qAX4VDNVVCGJ,anonymous,EN,,I choose to participate in this study and and authorise the use of my responses for this study. I acknowledge that I am able to withdraw from this study at any time by emailing l.a.olson@vu.nl.,5eb06d490b554111d40b842f,Other,,2021-2024,Data Scientist,Yes,"Accessibility,Accountability,Cyberbullying,Discrimination,Identity Theft,Inappropriate Content,Safety",,No,No,,Every week,"Accessibility,Identity Theft,Misinformation,Safety",,"Direct user communication (phone, chat, email, etc)",,Within days,Probably not,Probably not,Never,Probably yes,Sometimes,Quality,,Sometimes,Most of the time,Most of the time,Days,Most of the time,Might or might not,Probably yes,,Neutral,More beneficial,Yes,less than 1,,,Neutral,Yes,Female,Woman,,Latinx,,Abled,Neurotypical,Straight,Middle class,Millennial Generation or Generation Y: Born 1981–1996,Probably yes,,,5eb06d490b554111d40b842f
152,2024-07-15 19:52:30,2024-07-15 19:56:38,IP Address,100,248,True,2024-07-15 19:56:39,R_1pPOYDve9OWA3Pb,anonymous,EN,1,I choose to participate in this study and and authorise the use of my responses for this study. I acknowledge that I am able to withdraw from this study at any time by emailing l.a.olson@vu.nl.,6682f2e94811d8f9981310e9,Other,VARE,2021-2024,Engineer,Yes,"Accountability,Misinformation",,No,Yes,Discriminatory Hiring Practices,Every month,Scam,,"Direct user communication (phone, chat, email, etc)",,Within months,Definitely yes,Definitely yes,Sometimes,Probably yes,About half the time,Investor Satisfaction,,Always,Sometimes,Most of the time,Weeks,Never,Definitely not,Definitely not,,More harmful,More harmful,No,,Other,I read the code. It's not good.,,Yes,Female,Woman,,Black,,Disabled,Neurodivergent,Queer,Middle class,Generation Z or iGen: Born 1997–2010,Definitely yes,,,6682f2e94811d8f9981310e9
153,2024-07-15 20:09:44,2024-07-15 20:13:45,IP Address,100,240,True,2024-07-15 20:13:46,R_1gRSKGpz10RFLmG,anonymous,EN,1,I choose to participate in this study and and authorise the use of my responses for this study. I acknowledge that I am able to withdraw from this study at any time by emailing l.a.olson@vu.nl.,5d574f9b4bbdf3001a142b84,Pinterest,,2016-2020,Engineer,No,,,No,No,,,,,,,,Probably yes,Probably yes,Never,Definitely yes,About half the time,Time to Market,,Sometimes,Sometimes,Most of the time,Weeks,Sometimes,Might or might not,Might or might not,,More beneficial,More beneficial,Yes,less than 1,,,More beneficial,Yes,Female,Woman,,White,,Abled,Neurotypical,Straight,Middle class,Millennial Generation or Generation Y: Born 1981–1996,Probably yes,no,,5d574f9b4bbdf3001a142b84
154,2024-07-15 20:15:12,2024-07-15 20:24:34,IP Address,100,561,True,2024-07-15 20:24:35,R_6gHj4dQkGtkxmc5,anonymous,EN,1,I choose to participate in this study and and authorise the use of my responses for this study. I acknowledge that I am able to withdraw from this study at any time by emailing l.a.olson@vu.nl.,666a04ad7b938093d197e346,Apple,,2016-2020,Engineer,Yes,"Accessibility,Accountability,Content Theft,Environmental Concerns,Misinformation,Safety",,Yes,No,,Every week,"Content Theft,Environmental Concerns,Inappropriate Content,Misinformation,Scam,Safety",,"Social media,Product forums,Direct user communication (phone, chat, email, etc)",,Within months,Definitely not,Definitely not,Never,Definitely yes,Always,Quality,,Always,Most of the time,Always,Weeks,Always,Definitely yes,Probably yes,,More beneficial,More beneficial,Yes,8,,,More beneficial,Yes,Female,Woman,,Black,,Abled,Neurodivergent,Straight,Middle class,Millennial Generation or Generation Y: Born 1981–1996,Definitely yes,no everything was perfect,,666a04ad7b938093d197e346
159,2024-07-15 22:58:22,2024-07-15 23:02:50,IP Address,100,268,True,2024-07-15 23:02:51,R_277q7PDmtQOvXjV,anonymous,EN,0.6000000238418579,I choose to participate in this study and and authorise the use of my responses for this study. I acknowledge that I am able to withdraw from this study at any time by emailing l.a.olson@vu.nl.,60f1d99a67bc1538a6dadc94,Other,MPESA,2021-2024,,No,,,No,No,,,,,,,,Probably not,Definitely not,Never,Definitely yes,Always,Time to Market,,Never,,,Weeks,Most of the time,Probably yes,Probably yes,,More beneficial,More beneficial,No,,Other,Don’t really need to,,Yes,Female,Woman,,Black,,Abled,Neurotypical,Straight,Middle class,Millennial Generation or Generation Y: Born 1981–1996,Definitely yes,,,60f1d99a67bc1538a6dadc94
160,2024-07-15 23:19:07,2024-07-15 23:24:35,IP Address,100,328,True,2024-07-15 23:24:36,R_6LwK6aRRMRtPp7C,anonymous,EN,1,I choose to participate in this study and and authorise the use of my responses for this study. I acknowledge that I am able to withdraw from this study at any time by emailing l.a.olson@vu.nl.,663d500428aec231492cf104,Other,DataAnnotation,2021-2024,Data Scientist,Yes,"Accessibility,Accountability,Harmful Advertising,Misinformation,Scam",,No,Yes,The way they let their employees go. I understand that they're 100% allowed to fire someone without explanation but not allowing any support for the person whatsoever is beyond infuriating. ,Every day,"Accountability,Misinformation",,"Social media,Product forums",,Never,Might or might not,Might or might not,Never,Might or might not,Never,User Satisfaction,,About half the time,Never,About half the time,None,Sometimes,Definitely not,Definitely not,,More beneficial,More harmful,Yes,4,,,Neutral,Yes,Female,Woman,,White,,Disabled,Neurodivergent,Straight,Lower class,Generation Z or iGen: Born 1997–2010,Definitely yes,,,663d500428aec231492cf104
161,2024-07-15 23:19:52,2024-07-15 23:30:47,IP Address,100,655,True,2024-07-15 23:30:48,R_8HA32ZoG6eBroRz,anonymous,EN,1,I choose to participate in this study and and authorise the use of my responses for this study. I acknowledge that I am able to withdraw from this study at any time by emailing l.a.olson@vu.nl.,60e2f470553183d542620b02,Other,,2021-2024,Engineer,Yes,"Accessibility,Environmental Concerns,Identity Theft,Scam,Safety",,Yes,No,,Every week,Scam,,"Direct user communication (phone, chat, email, etc)",,Within days,Definitely not,Might or might not,Never,Definitely yes,About half the time,Quality,,Sometimes,Most of the time,Always,Days,Always,Definitely yes,Probably yes,,Neutral,More beneficial,No,,Other,"I use few software apps and my company one I don’t use it, I only use it when I’m testing ",,Yes,Female,Woman,,Black,,Abled,Prefer not to say,Straight,Middle class,Millennial Generation or Generation Y: Born 1981–1996,Definitely yes,,,60e2f470553183d542620b02
162,2024-07-15 23:14:17,2024-07-15 23:35:58,IP Address,100,1300,True,2024-07-15 23:35:59,R_4GCAQFbjfakSS8K,anonymous,EN,1,I choose to participate in this study and and authorise the use of my responses for this study. I acknowledge that I am able to withdraw from this study at any time by emailing l.a.olson@vu.nl.,664b827d15dfea2ad4459dd3,Other,,2021-2024,Engineer,No,,,Yes,No,,Never,,,,,,Definitely not,Definitely not,Never,Definitely yes,Most of the time,User Satisfaction,,Never,Always,Always,Weeks,Most of the time,Probably yes,Definitely yes,,More beneficial,More beneficial,Yes,less than 1,,,More beneficial,Yes,Female,Woman,,South Asian,,Abled,Neurotypical,Straight,Middle class,Generation Z or iGen: Born 1997–2010,Probably yes,No,meghanag.gm@gmail.com,664b827d15dfea2ad4459dd3
163,2024-07-15 23:31:42,2024-07-15 23:41:08,IP Address,100,566,True,2024-07-15 23:41:09,R_25t2cv1oINIKb0R,anonymous,EN,1,I choose to participate in this study and and authorise the use of my responses for this study. I acknowledge that I am able to withdraw from this study at any time by emailing l.a.olson@vu.nl.,666ebf54db85a613d3c54d4b,Other,,2021-2024,Engineer,Yes,"Accessibility,Censorship,Content Theft,Discrimination,Harmful Advertising,Identity Theft,Inappropriate Content,Scam,Safety",,Yes,No,,Every week,Scam,,"Product forums,Direct user communication (phone, chat, email, etc)",,Within months,Might or might not,Might or might not,Never,Definitely yes,Most of the time,Investor Satisfaction,,Always,Always,Always,Months,Sometimes,Probably not,Probably yes,,Neutral,Neutral,No,,"Too busy,Other",Not really for me,,Yes,Female,Woman,,Black,,Abled,Neurotypical,Straight,Middle class,Generation Z or iGen: Born 1997–2010,Definitely yes,,,666ebf54db85a613d3c54d4b
164,2024-07-16 00:05:09,2024-07-16 00:11:57,IP Address,100,407,True,2024-07-16 00:11:57,R_8GB7gLkdtLJgnTj,anonymous,EN,1,I choose to participate in this study and and authorise the use of my responses for this study. I acknowledge that I am able to withdraw from this study at any time by emailing l.a.olson@vu.nl.,5dc1e5525fd203158d2a3343,Other,,2021-2024,Engineer,Yes,"Accessibility,Accountability",,Yes,No,,Every year,"Accessibility,Accountability",,"Direct user communication (phone, chat, email, etc)",,Within days,Probably yes,Probably yes,Never,Probably yes,Never,User Satisfaction,,Sometimes,Sometimes,Most of the time,Days,Sometimes,Probably yes,Might or might not,,Neutral,Neutral,No,,Other,,,Yes,Female,Woman,,White,,Abled,Neurodivergent,Queer,Lower class,Generation Z or iGen: Born 1997–2010,Definitely yes,,,5dc1e5525fd203158d2a3343
165,2024-07-16 00:12:23,2024-07-16 00:18:02,IP Address,100,338,True,2024-07-16 00:18:03,R_8l2pxYaY0HuwXcZ,anonymous,EN,1,I choose to participate in this study and and authorise the use of my responses for this study. I acknowledge that I am able to withdraw from this study at any time by emailing l.a.olson@vu.nl.,5e4db49d96e3c32079f64790,Other,NEC Software Solutions ,2021-2024,Manager,No,,,No,No,,Never,,,,,,Definitely not,Definitely not,Never,Definitely yes,Sometimes,Time to Market,,Sometimes,Never,Always,None,Never,Definitely not,Might or might not,,More beneficial,More beneficial,No,,Other,It’s business to business ,,Yes,Female,Woman,,White,,Abled,Neurotypical,Straight,Lower class,Generation X: Born 1965–1980,Definitely yes,,,5e4db49d96e3c32079f64790
166,2024-07-16 00:26:05,2024-07-16 00:29:56,IP Address,100,231,True,2024-07-16 00:29:57,R_2Hqt3GeMdRWuJDr,anonymous,EN,1,I choose to participate in this study and and authorise the use of my responses for this study. I acknowledge that I am able to withdraw from this study at any time by emailing l.a.olson@vu.nl.,6110f471f4e37e1cdb008c3d,Discord,,2021-2024,Data Scientist,Yes,"Cyberbullying,Environmental Concerns,Misinformation",,Yes,No,,Every day,"Content Theft,Identity Theft",,"Direct user communication (phone, chat, email, etc)",,Within hours,Probably yes,Probably yes,Never,Probably yes,Most of the time,Quality,,Most of the time,Most of the time,Most of the time,Weeks,About half the time,Probably not,Probably yes,,More beneficial,More beneficial,Yes,less than 1,,,More beneficial,Yes,Female,Woman,,White,,Abled,Neurotypical,Straight,Middle class,Millennial Generation or Generation Y: Born 1981–1996,Probably yes,,,6110f471f4e37e1cdb008c3d
168,2024-07-16 00:38:02,2024-07-16 00:45:00,IP Address,100,417,True,2024-07-16 00:45:00,R_8Em6kQMj6hamoMO,anonymous,EN,1,I choose to participate in this study and and authorise the use of my responses for this study. I acknowledge that I am able to withdraw from this study at any time by emailing l.a.olson@vu.nl.,6658d234fa019e8f175c83f7,Other,,2021-2024,VP,Yes,"Accountability,Identity Theft,Misinformation,Scam,Safety",,Yes,No,,Every week,"Content Theft,Misinformation,Scam,Safety",,"Direct user communication (phone, chat, email, etc)",,Within months,Might or might not,Might or might not,About half the time,Probably yes,About half the time,User Satisfaction,,Most of the time,About half of the time,About half the time,Months,About half the time,Probably not,Might or might not,,More beneficial,More beneficial,Yes,5,,,Neutral,Yes,Female,Woman,,Black,,Abled,Neurotypical,Straight,Middle class,Millennial Generation or Generation Y: Born 1981–1996,Might or might not,,,6658d234fa019e8f175c83f7
170,2024-07-16 01:23:00,2024-07-16 01:32:20,IP Address,100,560,True,2024-07-16 01:32:21,R_8pGSnUMypbLkFfV,anonymous,EN,1,I choose to participate in this study and and authorise the use of my responses for this study. I acknowledge that I am able to withdraw from this study at any time by emailing l.a.olson@vu.nl.,6650c5f044f987017d94ae3c,LinkedIn,,2016-2020,Engineer,Yes,"Accountability,Identity Theft,Misinformation",,No,No,,Every month,"Discrimination,Environmental Concerns,Identity Theft",,"Social media,Product forums",,Within weeks,Probably yes,Probably yes,Never,Probably yes,Always,Time to Market,,Sometimes,Sometimes,Most of the time,Weeks,Sometimes,Definitely not,Might or might not,,More beneficial,More beneficial,Yes,12 or more,,,More beneficial,Yes,Female,Woman,,East Asian,,Abled,Prefer not to say,Prefer not to say,Middle class,Millennial Generation or Generation Y: Born 1981–1996,Might or might not,,,6650c5f044f987017d94ae3c
172,2024-07-16 01:37:47,2024-07-16 01:45:48,IP Address,100,480,True,2024-07-16 01:45:49,R_2VkeLH9H0TJ1nAY,anonymous,EN,1,I choose to participate in this study and and authorise the use of my responses for this study. I acknowledge that I am able to withdraw from this study at any time by emailing l.a.olson@vu.nl.,6531838c199cacb5a12d04a2,Instagram,,2021-2024,Manager,No,,,Yes,No,,Every month,Accessibility,,"Social media,App store",,Within weeks,Might or might not,Might or might not,Never,Probably yes,Always,Quality,,Most of the time,Always,Always,Weeks,Always,,,,More beneficial,More beneficial,Yes,2,,,More beneficial,Yes,Female,Woman,,White,,Abled,,,Middle class,Millennial Generation or Generation Y: Born 1981–1996,,,,6531838c199cacb5a12d04a2
173,2024-07-16 01:40:00,2024-07-16 01:56:05,IP Address,100,965,True,2024-07-16 01:56:06,R_2uQ9rDUHEtd00k9,anonymous,EN,1,I choose to participate in this study and and authorise the use of my responses for this study. I acknowledge that I am able to withdraw from this study at any time by emailing l.a.olson@vu.nl.,64d23e803ee1da9a01e52faa,Other,budget app,2021-2024,Engineer,No,,,Yes,No,,,,,,,,Definitely yes,Probably yes,Never,Probably yes,Most of the time,User Satisfaction,,About half the time,Most of the time,Most of the time,Weeks,Never,Might or might not,Probably not,,More beneficial,More beneficial,No,,Other,I'm not insured with them,,Yes,Female,Woman,,Black,,Abled,Prefer not to say,Straight,Middle class,Prefer not to say,Probably yes,,,64d23e803ee1da9a01e52faa
175,2024-07-16 05:16:12,2024-07-16 05:22:36,IP Address,100,383,True,2024-07-16 05:22:36,R_8zqXw6CSbH5cRyN,anonymous,EN,1,I choose to participate in this study and and authorise the use of my responses for this study. I acknowledge that I am able to withdraw from this study at any time by emailing l.a.olson@vu.nl.,6165e1b03616b6331cc98b8a,Discord,,2011-2015,Engineer,No,,,Yes,No,,Every month,Safety,,App store,,Within days,Probably yes,Might or might not,Never,Probably yes,Sometimes,Time to Market,,Sometimes,Most of the time,Most of the time,Weeks,Most of the time,Probably yes,Probably yes,,Neutral,Neutral,No,,"Ethical reasons,Difficult to use",,,Yes,Female,Woman,,White,,Abled,Neurotypical,Straight,Middle class,Millennial Generation or Generation Y: Born 1981–1996,Probably not,,,6165e1b03616b6331cc98b8a
176,2024-07-16 05:21:43,2024-07-16 05:26:37,IP Address,100,294,True,2024-07-16 05:26:38,R_2jfEJmjm4K0HiW0,anonymous,EN,0.800000011920929,I choose to participate in this study and and authorise the use of my responses for this study. I acknowledge that I am able to withdraw from this study at any time by emailing l.a.olson@vu.nl.,664476385020efcd969a416b,LinkedIn,,2021-2024,Data Scientist,Yes,"Accessibility,Accountability,Censorship,Discrimination,Environmental Concerns,Inappropriate Content,Misinformation,Safety",,Yes,No,,Every month,Discrimination,,Social media,,Within weeks,Probably yes,Definitely yes,Never,Might or might not,About half the time,Quality,,About half the time,Sometimes,Most of the time,Weeks,Most of the time,Might or might not,Probably yes,,More beneficial,More beneficial,Yes,less than 1,,,More beneficial,Yes,Female,Woman,,White,,Abled,Neurotypical,Straight,Middle class,Generation Z or iGen: Born 1997–2010,Probably yes,,,664476385020efcd969a416b
179,2024-07-16 05:26:33,2024-07-16 05:29:17,IP Address,100,164,True,2024-07-16 05:29:18,R_2JLtT0oW3tRYeIC,anonymous,EN,1,I choose to participate in this study and and authorise the use of my responses for this study. I acknowledge that I am able to withdraw from this study at any time by emailing l.a.olson@vu.nl.,6505e1d7baa4d89f7a2f3b53,Facebook,,"2016-2020,2021-2024",Engineer,Yes,"Content Theft,Cyberbullying,Discrimination,Environmental Concerns,Harmful Advertising,Identity Theft,Inappropriate Content,Scam",,Yes,No,,Every day,"Discrimination,Harmful Advertising,Identity Theft,Inappropriate Content,Misinformation,Scam",,Social media,,Within days,Might or might not,Might or might not,Never,Probably yes,About half the time,User Satisfaction,,Most of the time,Most of the time,About half the time,Months,About half the time,Probably yes,Probably yes,,More harmful,More harmful,Yes,less than 1,,,More harmful,No,,,,,,,,,,,Definitely yes,,,6505e1d7baa4d89f7a2f3b53
180,2024-07-16 05:24:24,2024-07-16 05:31:11,IP Address,100,406,True,2024-07-16 05:31:12,R_8zTFq32GaKmTYNm,anonymous,EN,1,I choose to participate in this study and and authorise the use of my responses for this study. I acknowledge that I am able to withdraw from this study at any time by emailing l.a.olson@vu.nl.,65e88b90dab3fd372464637e,Other,none of these,2021-2024,Engineer,Yes,Misinformation,,No,No,,,,,,,,Definitely not,Definitely not,Sometimes,Definitely yes,Never,Quality,,Never,Always,Most of the time,Days,Most of the time,Probably yes,Might or might not,,Neutral,Neutral,No,,Other,product is not designed to be used by regular civilians,,Yes,Male,Man,,White,,Abled,Neurotypical,Straight,Middle class,Millennial Generation or Generation Y: Born 1981–1996,Might or might not,just that your survey banks a little to much on me working for these multibillion dollar companies,,65e88b90dab3fd372464637e
181,2024-07-16 05:28:12,2024-07-16 05:32:57,IP Address,100,284,True,2024-07-16 05:32:58,R_2GwVEx2lKlga2xC,anonymous,EN,1,I choose to participate in this study and and authorise the use of my responses for this study. I acknowledge that I am able to withdraw from this study at any time by emailing l.a.olson@vu.nl.,6576151e5e75311b432c3b96,Other,Healthcare private company,2021-2024,Data Scientist,No,,,No,No,,,,,,,,Probably yes,Probably yes,Never,Probably yes,Sometimes,Investor Satisfaction,,About half the time,About half of the time,About half the time,Weeks,Most of the time,Probably yes,Probably yes,,More beneficial,More beneficial,Yes,less than 1,,,More beneficial,Yes,Male,Man,,White,,Abled,Neurotypical,Straight,Middle class,Millennial Generation or Generation Y: Born 1981–1996,Probably yes,,,6576151e5e75311b432c3b96
182,2024-07-16 05:26:33,2024-07-16 05:33:08,IP Address,100,394,True,2024-07-16 05:33:08,R_2gN4SMYB3m680fr,anonymous,EN,1,I choose to participate in this study and and authorise the use of my responses for this study. I acknowledge that I am able to withdraw from this study at any time by emailing l.a.olson@vu.nl.,64edad125aff55f439c7580a,Other,Confidential ,"2016-2020,2021-2024",Manager,No,,,No,No,,,,,,,,Probably yes,Might or might not,Never,Probably yes,Sometimes,User Satisfaction,,Sometimes,Sometimes,Sometimes,Days,About half the time,Probably not,Probably not,,Neutral,Neutral,No,,Other,Access rights,,Yes,Male,Man,,White,,Abled,Neurotypical,Straight,Middle class,Millennial Generation or Generation Y: Born 1981–1996,Definitely not,,,64edad125aff55f439c7580a
184,2024-07-16 05:27:56,2024-07-16 05:37:22,IP Address,100,566,True,2024-07-16 05:37:23,R_2NDfznWOp4oGhen,anonymous,EN,1,I choose to participate in this study and and authorise the use of my responses for this study. I acknowledge that I am able to withdraw from this study at any time by emailing l.a.olson@vu.nl.,60fc26024ee3d22b731bbf33,LinkedIn,,2011-2015,Engineer,Yes,"Accessibility,Accountability,Censorship,Content Theft,Cyberbullying,Discrimination,Harmful Advertising,Identity Theft,Inappropriate Content,Misinformation,Scam",,Yes,No,,Every day,"Censorship,Cyberbullying,Discrimination,Misinformation,Scam",,Social media,,Within months,Probably yes,Probably yes,Sometimes,Probably yes,Most of the time,Investor Satisfaction,,Never,Sometimes,Most of the time,Days,Most of the time,Might or might not,Probably yes,,More beneficial,More beneficial,Yes,less than 1,,,More beneficial,Yes,Male,Man,,White,,Abled,Neurotypical,Straight,Middle class,Millennial Generation or Generation Y: Born 1981–1996,Definitely yes,,60fc26024ee3d22b731bbf33@email.prolific.com,60fc26024ee3d22b731bbf33
185,2024-07-16 05:32:25,2024-07-16 05:37:24,IP Address,100,299,True,2024-07-16 05:37:25,R_2NFoWhSOG55eu7g,anonymous,EN,1,I choose to participate in this study and and authorise the use of my responses for this study. I acknowledge that I am able to withdraw from this study at any time by emailing l.a.olson@vu.nl.,61517957a9ccf240eb5e5231,Other,Roke,2021-2024,Engineer,Yes,"Accountability,Safety",,Yes,No,,Every week,Accountability,,"Direct user communication (phone, chat, email, etc)",,Within days,Probably yes,Definitely yes,Never,Definitely yes,Always,User Satisfaction,,About half the time,Most of the time,About half the time,Weeks,Always,Definitely yes,Definitely yes,,More beneficial,More beneficial,Yes,1,,,Neutral,Yes,Male,Man,,White,,Abled,Neurotypical,Straight,Middle class,Millennial Generation or Generation Y: Born 1981–1996,Definitely yes,,,61517957a9ccf240eb5e5231
187,2024-07-16 05:35:36,2024-07-16 05:43:06,IP Address,100,450,True,2024-07-16 05:43:07,R_4xORGDFuC4NZ1Sc,anonymous,EN,1,I choose to participate in this study and and authorise the use of my responses for this study. I acknowledge that I am able to withdraw from this study at any time by emailing l.a.olson@vu.nl.,6638a9fb0e17846cb62e34f5,Other,Fluent,2021-2024,Engineer,No,,,No,No,,Never,,,,,,Definitely not,Definitely not,Never,Definitely yes,Always,Quality,,Never,Always,Always,Months,Most of the time,Probably yes,Probably yes,,Neutral,Neutral,Yes,2,,,Neutral,Yes,Male,Man,,South Asian,,Abled,Neurotypical,Straight,Middle class,Generation X: Born 1965–1980,Probably yes,,,6638a9fb0e17846cb62e34f5
188,2024-07-16 05:42:31,2024-07-16 05:45:36,IP Address,100,185,True,2024-07-16 05:45:37,R_2PcjmgoHfstn6Ym,anonymous,EN,1,I choose to participate in this study and and authorise the use of my responses for this study. I acknowledge that I am able to withdraw from this study at any time by emailing l.a.olson@vu.nl.,6300b0ae1752219b65e3dbae,Other,,2011-2015,Engineer,No,,,No,No,,Every year,Misinformation,,Social media,,Within weeks,Might or might not,Might or might not,Never,Definitely yes,About half the time,User Satisfaction,,About half the time,About half of the time,Most of the time,Months,Most of the time,Probably yes,Might or might not,,Neutral,Neutral,Yes,less than 1,,,Neutral,No,,,,,,,,,,,Might or might not,,,6300b0ae1752219b65e3dbae
190,2024-07-16 05:38:55,2024-07-16 05:48:16,IP Address,100,560,True,2024-07-16 05:48:16,R_8m9wH5WYU1OqeZu,anonymous,EN,1,I choose to participate in this study and and authorise the use of my responses for this study. I acknowledge that I am able to withdraw from this study at any time by emailing l.a.olson@vu.nl.,6150a4dc9d5442b6095180bf,Other,,2016-2020,Lead,Yes,Scam,,Yes,No,,Every week,Cyberbullying,,Social media,,Within days,Might or might not,Probably yes,Most of the time,Definitely yes,Most of the time,Investor Satisfaction,,About half the time,Never,Most of the time,Weeks,About half the time,Probably not,Might or might not,,Neutral,Neutral,Yes,less than 1,,,Neutral,Yes,Male,Man,,"Latinx,Other",Coloured ,Abled,Neurotypical,Straight,Lower class,Millennial Generation or Generation Y: Born 1981–1996,Definitely yes,nothing from my side ,,6150a4dc9d5442b6095180bf
191,2024-07-16 05:41:46,2024-07-16 05:56:22,IP Address,100,875,True,2024-07-16 05:56:22,R_26b66UPsjlyGo18,anonymous,EN,1,I choose to participate in this study and and authorise the use of my responses for this study. I acknowledge that I am able to withdraw from this study at any time by emailing l.a.olson@vu.nl.,5789972670c76a00012433b3,TikTok,,2021-2024,Director,Yes,"Harmful Advertising,Inappropriate Content,Misinformation",,Yes,No,,Every day,"Harmful Advertising,Inappropriate Content",,"Social media,Product forums",,Within days,Probably yes,Probably yes,About half the time,Definitely yes,Most of the time,User Satisfaction,,Sometimes,Most of the time,Most of the time,Weeks,Always,Definitely yes,Definitely yes,,More beneficial,More beneficial,Yes,3,,,More beneficial,Yes,Female,Woman,,White,,Abled,Neurotypical,Straight,Middle class,Millennial Generation or Generation Y: Born 1981–1996,Definitely yes,,,5789972670c76a00012433b3
192,2024-07-16 05:53:18,2024-07-16 05:59:47,IP Address,100,389,True,2024-07-16 05:59:48,R_2uKRXOFJmwlOeQ1,anonymous,EN,1,I choose to participate in this study and and authorise the use of my responses for this study. I acknowledge that I am able to withdraw from this study at any time by emailing l.a.olson@vu.nl.,659ea323948969bfdb0afa60,Other,,"2006-2010,2021-2024",Engineer,Yes,"Cyberbullying,Harmful Advertising,Misinformation,Scam,Safety",,Yes,No,,Every year,"Misinformation,Scam",,"Direct user communication (phone, chat, email, etc)",,Within months,Probably yes,Probably yes,Never,Definitely yes,Sometimes,Time to Market,,About half the time,Most of the time,Most of the time,Months,Sometimes,Probably yes,Probably not,,More beneficial,More beneficial,No,,Too busy,,,Yes,Female,Woman,,Prefer not to say,,Abled,Neurodivergent,Straight,Middle class,Generation Z or iGen: Born 1997–2010,Definitely not,,,659ea323948969bfdb0afa60
193,2024-07-16 06:10:05,2024-07-16 06:22:35,IP Address,100,750,True,2024-07-16 06:22:36,R_8emGv4JRav8mQ00,anonymous,EN,1,I choose to participate in this study and and authorise the use of my responses for this study. I acknowledge that I am able to withdraw from this study at any time by emailing l.a.olson@vu.nl.,650da1f8da362d01a1308d33,TikTok,,2021-2024,Engineer,Yes,"Accessibility,Cyberbullying,Discrimination,Identity Theft,Inappropriate Content,Scam",,Yes,No,,Every hour,"Cyberbullying,Discrimination,Identity Theft,Inappropriate Content,Misinformation",,Social media,,Within days,Might or might not,Probably not,Never,Probably yes,Most of the time,Time to Market,,About half the time,Most of the time,Always,Weeks,Most of the time,Might or might not,Probably yes,,More beneficial,More beneficial,Yes,3,,,More beneficial,No,,,,,,,,,,,Definitely yes,No,,650da1f8da362d01a1308d33
194,2024-07-16 06:15:41,2024-07-16 06:23:47,IP Address,100,486,True,2024-07-16 06:23:48,R_8LkdkfuXBkkGqee,anonymous,EN,1,I choose to participate in this study and and authorise the use of my responses for this study. I acknowledge that I am able to withdraw from this study at any time by emailing l.a.olson@vu.nl.,60f0bec2877bd89c52cf40ad,Pinterest,,2016-2020,Engineer,Yes,"Content Theft,Identity Theft",,No,No,,Every year,Content Theft,,"Direct user communication (phone, chat, email, etc)",,Within weeks,Probably yes,Probably not,Never,Definitely yes,Always,Quality,,Sometimes,Sometimes,Always,Months,Most of the time,Probably yes,Probably yes,,More beneficial,More beneficial,Yes,2,,,More beneficial,Yes,Female,Woman,,Black,,Abled,Prefer not to say,Straight,Middle class,Generation Z or iGen: Born 1997–2010,Definitely yes,,,60f0bec2877bd89c52cf40ad
195,2024-07-16 06:15:32,2024-07-16 06:28:34,IP Address,100,781,True,2024-07-16 06:28:35,R_4xzXOKlBbLJ80Yp,anonymous,EN,1,I choose to participate in this study and and authorise the use of my responses for this study. I acknowledge that I am able to withdraw from this study at any time by emailing l.a.olson@vu.nl.,65f32f0ca80d37d211c12340,Other,,,,No,,,No,Yes,Ensuring fairness and transparency in data usage and avoiding potential misuse or unauthorized access.,,,,,,,Probably yes,Probably yes,Most of the time,Probably yes,Most of the time,User Satisfaction,,Sometimes,Always,Always,Weeks,About half the time,Might or might not,Probably yes,,More harmful,More harmful,Yes,4,,,More harmful,Yes,Male,Prefer not to say,,Prefer not to say,,Prefer not to say,Neurotypical,Queer,Middle class,Millennial Generation or Generation Y: Born 1981–1996,Definitely not,,,65f32f0ca80d37d211c12340
198,2024-07-16 07:04:55,2024-07-16 07:24:04,IP Address,100,1148,True,2024-07-16 07:24:05,R_32IyjBMQu5XYKSl,anonymous,EN,1,I choose to participate in this study and and authorise the use of my responses for this study. I acknowledge that I am able to withdraw from this study at any time by emailing l.a.olson@vu.nl.,573a8aca67421f000f191c52,Other,SAP Concur,2016-2020,Lead,Yes,"Accessibility,Accountability,Other",proprietary info,Yes,No,,,,,,,,Might or might not,Might or might not,Never,Definitely yes,Always,Quality,,Sometimes,Always,Always,Months,About half the time,Might or might not,Probably yes,,Neutral,More beneficial,Yes,1,,,More beneficial,Yes,Female,Woman,,"East Asian,South Asian,White",,Abled,Neurotypical,Straight,Middle class,Generation X: Born 1965–1980,Definitely yes,no,,573a8aca67421f000f191c52
199,2024-07-16 10:08:25,2024-07-16 10:12:51,IP Address,100,266,True,2024-07-16 10:12:52,R_299UcyzbHjP4UKm,anonymous,EN,0.800000011920929,I choose to participate in this study and and authorise the use of my responses for this study. I acknowledge that I am able to withdraw from this study at any time by emailing l.a.olson@vu.nl.,65522f24f09594d4953b0a38,Other,Internal,2021-2024,Engineer,No,,,Yes,No,,Every year,"Accessibility,Discrimination,Identity Theft",,"Direct user communication (phone, chat, email, etc)",,Within weeks,Might or might not,Definitely not,Never,Definitely yes,Most of the time,Quality,,About half the time,Most of the time,Most of the time,Weeks,Always,Definitely yes,Definitely yes,,More beneficial,More beneficial,Yes,3,,,Neutral,Yes,Female,Woman,,South Asian,,Abled,Prefer not to say,Prefer not to say,Middle class,Millennial Generation or Generation Y: Born 1981–1996,Definitely yes,,,65522f24f09594d4953b0a38
200,2024-07-20 02:31:15,2024-07-20 02:34:19,IP Address,100,183,True,2024-07-20 02:34:20,R_2bzFsz5Eadb29c5,anonymous,EN,1,I choose to participate in this study and and authorise the use of my responses for this study. I acknowledge that I am able to withdraw from this study at any time by emailing l.a.olson@vu.nl.,650309a7aa388e72bb5f3d22,Facebook,,2021-2024,Engineer,Yes,"Harmful Advertising,Identity Theft,Scam",,Yes,No,,Every hour,"Accessibility,Discrimination,Inappropriate Content,Scam",,Social media,,Within days,Probably yes,Probably not,Never,Definitely yes,Always,User Satisfaction,,Sometimes,Most of the time,Always,Months,Most of the time,Probably yes,Might or might not,,More harmful,More harmful,Yes,less than 1,,,More harmful,No,,,,,,,,,,,Definitely yes,,,650309a7aa388e72bb5f3d22
